filelist,lw,rw,ondemand,extraworkXline,topk,result
/opt/SPMcode/A2/filelist.txt,1,1,0,0,5,OK
/opt/SPMcode/A2/filelist.txt,1,1,0,0,5,OK
/opt/SPMcode/A2/filelist.txt,1,1,0,0,5,OK
/opt/SPMcode/A2/filelist.txt,1,1,0,0,5,OK
/opt/SPMcode/A2/filelist.txt,1,1,0,0,5,OK
/opt/SPMcode/A2/filelist.txt,1,1,0,0,5,OK
/opt/SPMcode/A2/filelist.txt,1,1,0,0,5,OK
/opt/SPMcode/A2/filelist.txt,1,1,0,0,5,OK
/opt/SPMcode/A2/filelist.txt,1,1,0,0,5,OK
/opt/SPMcode/A2/filelist.txt,1,1,0,0,5,OK
/opt/SPMcode/A2/filelist.txt,1,1,1,0,5,OK
/opt/SPMcode/A2/filelist.txt,1,1,1,0,5,OK
/opt/SPMcode/A2/filelist.txt,1,1,1,0,5,OK
/opt/SPMcode/A2/filelist.txt,1,1,1,0,5,OK
/opt/SPMcode/A2/filelist.txt,1,1,1,0,5,OK
/opt/SPMcode/A2/filelist.txt,1,1,1,0,5,OK
/opt/SPMcode/A2/filelist.txt,1,1,1,0,5,OK
/opt/SPMcode/A2/filelist.txt,1,1,1,0,5,OK
/opt/SPMcode/A2/filelist.txt,1,1,1,0,5,OK
/opt/SPMcode/A2/filelist.txt,1,1,1,0,5,OK
/opt/SPMcode/A2/filelist.txt,1,1,0,1000,5,OK
/opt/SPMcode/A2/filelist.txt,1,1,0,1000,5,OK
/opt/SPMcode/A2/filelist.txt,1,1,0,1000,5,OK
/opt/SPMcode/A2/filelist.txt,1,1,0,1000,5,OK
/opt/SPMcode/A2/filelist.txt,1,1,0,1000,5,OK
/opt/SPMcode/A2/filelist.txt,1,1,0,1000,5,OK
/opt/SPMcode/A2/filelist.txt,1,1,0,1000,5,OK
/opt/SPMcode/A2/filelist.txt,1,1,0,1000,5,OK
/opt/SPMcode/A2/filelist.txt,1,1,0,1000,5,OK
/opt/SPMcode/A2/filelist.txt,1,1,0,1000,5,OK
/opt/SPMcode/A2/filelist.txt,1,1,1,1000,5,OK
/opt/SPMcode/A2/filelist.txt,1,1,1,1000,5,OK
/opt/SPMcode/A2/filelist.txt,1,1,1,1000,5,OK
/opt/SPMcode/A2/filelist.txt,1,1,1,1000,5,OK
/opt/SPMcode/A2/filelist.txt,1,1,1,1000,5,OK
/opt/SPMcode/A2/filelist.txt,1,1,1,1000,5,OK
/opt/SPMcode/A2/filelist.txt,1,1,1,1000,5,OK
/opt/SPMcode/A2/filelist.txt,1,1,1,1000,5,OK
/opt/SPMcode/A2/filelist.txt,1,1,1,1000,5,OK
/opt/SPMcode/A2/filelist.txt,1,1,1,1000,5,OK
/opt/SPMcode/A2/filelist.txt,1,1,0,10000,5,OK
/opt/SPMcode/A2/filelist.txt,1,1,0,10000,5,OK
/opt/SPMcode/A2/filelist.txt,1,1,0,10000,5,OK
/opt/SPMcode/A2/filelist.txt,1,1,0,10000,5,OK
/opt/SPMcode/A2/filelist.txt,1,1,0,10000,5,OK
/opt/SPMcode/A2/filelist.txt,1,1,0,10000,5,OK
/opt/SPMcode/A2/filelist.txt,1,1,0,10000,5,OK
/opt/SPMcode/A2/filelist.txt,1,1,0,10000,5,OK
/opt/SPMcode/A2/filelist.txt,1,1,0,10000,5,OK
/opt/SPMcode/A2/filelist.txt,1,1,0,10000,5,OK
/opt/SPMcode/A2/filelist.txt,1,1,1,10000,5,OK
/opt/SPMcode/A2/filelist.txt,1,1,1,10000,5,OK
/opt/SPMcode/A2/filelist.txt,1,1,1,10000,5,OK
/opt/SPMcode/A2/filelist.txt,1,1,1,10000,5,OK
/opt/SPMcode/A2/filelist.txt,1,1,1,10000,5,OK
/opt/SPMcode/A2/filelist.txt,1,1,1,10000,5,OK
/opt/SPMcode/A2/filelist.txt,1,1,1,10000,5,OK
/opt/SPMcode/A2/filelist.txt,1,1,1,10000,5,OK
/opt/SPMcode/A2/filelist.txt,1,1,1,10000,5,OK
/opt/SPMcode/A2/filelist.txt,1,1,1,10000,5,OK
/opt/SPMcode/A2/filelist.txt,1,3,0,0,5,OK
/opt/SPMcode/A2/filelist.txt,1,3,0,0,5,OK
/opt/SPMcode/A2/filelist.txt,1,3,0,0,5,OK
/opt/SPMcode/A2/filelist.txt,1,3,0,0,5,OK
/opt/SPMcode/A2/filelist.txt,1,3,0,0,5,OK
/opt/SPMcode/A2/filelist.txt,1,3,0,0,5,OK
/opt/SPMcode/A2/filelist.txt,1,3,0,0,5,OK
/opt/SPMcode/A2/filelist.txt,1,3,0,0,5,OK
/opt/SPMcode/A2/filelist.txt,1,3,0,0,5,OK
/opt/SPMcode/A2/filelist.txt,1,3,0,0,5,OK
/opt/SPMcode/A2/filelist.txt,1,3,1,0,5,OK
/opt/SPMcode/A2/filelist.txt,1,3,1,0,5,OK
/opt/SPMcode/A2/filelist.txt,1,3,1,0,5,OK
/opt/SPMcode/A2/filelist.txt,1,3,1,0,5,OK
/opt/SPMcode/A2/filelist.txt,1,3,1,0,5,OK
/opt/SPMcode/A2/filelist.txt,1,3,1,0,5,OK
/opt/SPMcode/A2/filelist.txt,1,3,1,0,5,OK
/opt/SPMcode/A2/filelist.txt,1,3,1,0,5,OK
/opt/SPMcode/A2/filelist.txt,1,3,1,0,5,OK
/opt/SPMcode/A2/filelist.txt,1,3,1,0,5,OK
/opt/SPMcode/A2/filelist.txt,1,3,0,1000,5,OK
/opt/SPMcode/A2/filelist.txt,1,3,0,1000,5,OK
/opt/SPMcode/A2/filelist.txt,1,3,0,1000,5,OK
/opt/SPMcode/A2/filelist.txt,1,3,0,1000,5,OK
/opt/SPMcode/A2/filelist.txt,1,3,0,1000,5,OK
/opt/SPMcode/A2/filelist.txt,1,3,0,1000,5,OK
/opt/SPMcode/A2/filelist.txt,1,3,0,1000,5,OK
/opt/SPMcode/A2/filelist.txt,1,3,0,1000,5,OK
/opt/SPMcode/A2/filelist.txt,1,3,0,1000,5,OK
/opt/SPMcode/A2/filelist.txt,1,3,0,1000,5,OK
/opt/SPMcode/A2/filelist.txt,1,3,1,1000,5,OK
/opt/SPMcode/A2/filelist.txt,1,3,1,1000,5,OK
/opt/SPMcode/A2/filelist.txt,1,3,1,1000,5,OK
/opt/SPMcode/A2/filelist.txt,1,3,1,1000,5,OK
/opt/SPMcode/A2/filelist.txt,1,3,1,1000,5,OK
/opt/SPMcode/A2/filelist.txt,1,3,1,1000,5,OK
/opt/SPMcode/A2/filelist.txt,1,3,1,1000,5,OK
/opt/SPMcode/A2/filelist.txt,1,3,1,1000,5,OK
/opt/SPMcode/A2/filelist.txt,1,3,1,1000,5,OK
/opt/SPMcode/A2/filelist.txt,1,3,1,1000,5,OK
/opt/SPMcode/A2/filelist.txt,1,3,0,10000,5,OK
/opt/SPMcode/A2/filelist.txt,1,3,0,10000,5,OK
/opt/SPMcode/A2/filelist.txt,1,3,0,10000,5,OK
/opt/SPMcode/A2/filelist.txt,1,3,0,10000,5,OK
/opt/SPMcode/A2/filelist.txt,1,3,0,10000,5,OK
/opt/SPMcode/A2/filelist.txt,1,3,0,10000,5,OK
/opt/SPMcode/A2/filelist.txt,1,3,0,10000,5,OK
/opt/SPMcode/A2/filelist.txt,1,3,0,10000,5,OK
/opt/SPMcode/A2/filelist.txt,1,3,0,10000,5,OK
/opt/SPMcode/A2/filelist.txt,1,3,0,10000,5,OK
/opt/SPMcode/A2/filelist.txt,1,3,1,10000,5,OK
/opt/SPMcode/A2/filelist.txt,1,3,1,10000,5,OK
/opt/SPMcode/A2/filelist.txt,1,3,1,10000,5,OK
/opt/SPMcode/A2/filelist.txt,1,3,1,10000,5,OK
/opt/SPMcode/A2/filelist.txt,1,3,1,10000,5,OK
/opt/SPMcode/A2/filelist.txt,1,3,1,10000,5,OK
/opt/SPMcode/A2/filelist.txt,1,3,1,10000,5,OK
/opt/SPMcode/A2/filelist.txt,1,3,1,10000,5,OK
/opt/SPMcode/A2/filelist.txt,1,3,1,10000,5,OK
/opt/SPMcode/A2/filelist.txt,1,3,1,10000,5,OK
/opt/SPMcode/A2/filelist.txt,1,7,0,0,5,OK
/opt/SPMcode/A2/filelist.txt,1,7,0,0,5,OK
/opt/SPMcode/A2/filelist.txt,1,7,0,0,5,OK
/opt/SPMcode/A2/filelist.txt,1,7,0,0,5,OK
/opt/SPMcode/A2/filelist.txt,1,7,0,0,5,OK
/opt/SPMcode/A2/filelist.txt,1,7,0,0,5,OK
/opt/SPMcode/A2/filelist.txt,1,7,0,0,5,OK
/opt/SPMcode/A2/filelist.txt,1,7,0,0,5,OK
/opt/SPMcode/A2/filelist.txt,1,7,0,0,5,OK
/opt/SPMcode/A2/filelist.txt,1,7,0,0,5,OK
/opt/SPMcode/A2/filelist.txt,1,7,1,0,5,OK
/opt/SPMcode/A2/filelist.txt,1,7,1,0,5,OK
/opt/SPMcode/A2/filelist.txt,1,7,1,0,5,OK
/opt/SPMcode/A2/filelist.txt,1,7,1,0,5,OK
/opt/SPMcode/A2/filelist.txt,1,7,1,0,5,OK
/opt/SPMcode/A2/filelist.txt,1,7,1,0,5,OK
/opt/SPMcode/A2/filelist.txt,1,7,1,0,5,OK
/opt/SPMcode/A2/filelist.txt,1,7,1,0,5,OK
/opt/SPMcode/A2/filelist.txt,1,7,1,0,5,OK
/opt/SPMcode/A2/filelist.txt,1,7,1,0,5,OK
/opt/SPMcode/A2/filelist.txt,1,7,0,1000,5,OK
/opt/SPMcode/A2/filelist.txt,1,7,0,1000,5,OK
/opt/SPMcode/A2/filelist.txt,1,7,0,1000,5,OK
/opt/SPMcode/A2/filelist.txt,1,7,0,1000,5,OK
/opt/SPMcode/A2/filelist.txt,1,7,0,1000,5,OK
/opt/SPMcode/A2/filelist.txt,1,7,0,1000,5,OK
/opt/SPMcode/A2/filelist.txt,1,7,0,1000,5,OK
/opt/SPMcode/A2/filelist.txt,1,7,0,1000,5,OK
/opt/SPMcode/A2/filelist.txt,1,7,0,1000,5,OK
/opt/SPMcode/A2/filelist.txt,1,7,0,1000,5,OK
/opt/SPMcode/A2/filelist.txt,1,7,1,1000,5,OK
/opt/SPMcode/A2/filelist.txt,1,7,1,1000,5,OK
/opt/SPMcode/A2/filelist.txt,1,7,1,1000,5,OK
/opt/SPMcode/A2/filelist.txt,1,7,1,1000,5,OK
/opt/SPMcode/A2/filelist.txt,1,7,1,1000,5,OK
/opt/SPMcode/A2/filelist.txt,1,7,1,1000,5,OK
/opt/SPMcode/A2/filelist.txt,1,7,1,1000,5,OK
/opt/SPMcode/A2/filelist.txt,1,7,1,1000,5,OK
/opt/SPMcode/A2/filelist.txt,1,7,1,1000,5,OK
/opt/SPMcode/A2/filelist.txt,1,7,1,1000,5,OK
/opt/SPMcode/A2/filelist.txt,1,7,0,10000,5,OK
/opt/SPMcode/A2/filelist.txt,1,7,0,10000,5,OK
/opt/SPMcode/A2/filelist.txt,1,7,0,10000,5,OK
/opt/SPMcode/A2/filelist.txt,1,7,0,10000,5,OK
/opt/SPMcode/A2/filelist.txt,1,7,0,10000,5,OK
/opt/SPMcode/A2/filelist.txt,1,7,0,10000,5,OK
/opt/SPMcode/A2/filelist.txt,1,7,0,10000,5,OK
/opt/SPMcode/A2/filelist.txt,1,7,0,10000,5,OK
/opt/SPMcode/A2/filelist.txt,1,7,0,10000,5,OK
/opt/SPMcode/A2/filelist.txt,1,7,0,10000,5,OK
/opt/SPMcode/A2/filelist.txt,1,7,1,10000,5,OK
/opt/SPMcode/A2/filelist.txt,1,7,1,10000,5,OK
/opt/SPMcode/A2/filelist.txt,1,7,1,10000,5,OK
/opt/SPMcode/A2/filelist.txt,1,7,1,10000,5,OK
/opt/SPMcode/A2/filelist.txt,1,7,1,10000,5,OK
/opt/SPMcode/A2/filelist.txt,1,7,1,10000,5,OK
/opt/SPMcode/A2/filelist.txt,1,7,1,10000,5,OK
/opt/SPMcode/A2/filelist.txt,1,7,1,10000,5,OK
/opt/SPMcode/A2/filelist.txt,1,7,1,10000,5,OK
/opt/SPMcode/A2/filelist.txt,1,7,1,10000,5,OK
/opt/SPMcode/A2/filelist.txt,1,11,0,0,5,OK
/opt/SPMcode/A2/filelist.txt,1,11,0,0,5,OK
/opt/SPMcode/A2/filelist.txt,1,11,0,0,5,OK
/opt/SPMcode/A2/filelist.txt,1,11,0,0,5,OK
/opt/SPMcode/A2/filelist.txt,1,11,0,0,5,OK
/opt/SPMcode/A2/filelist.txt,1,11,0,0,5,OK
/opt/SPMcode/A2/filelist.txt,1,11,0,0,5,OK
/opt/SPMcode/A2/filelist.txt,1,11,0,0,5,OK
/opt/SPMcode/A2/filelist.txt,1,11,0,0,5,OK
/opt/SPMcode/A2/filelist.txt,1,11,0,0,5,OK
/opt/SPMcode/A2/filelist.txt,1,11,1,0,5,OK
/opt/SPMcode/A2/filelist.txt,1,11,1,0,5,OK
/opt/SPMcode/A2/filelist.txt,1,11,1,0,5,OK
/opt/SPMcode/A2/filelist.txt,1,11,1,0,5,OK
/opt/SPMcode/A2/filelist.txt,1,11,1,0,5,OK
/opt/SPMcode/A2/filelist.txt,1,11,1,0,5,OK
/opt/SPMcode/A2/filelist.txt,1,11,1,0,5,OK
/opt/SPMcode/A2/filelist.txt,1,11,1,0,5,OK
/opt/SPMcode/A2/filelist.txt,1,11,1,0,5,OK
/opt/SPMcode/A2/filelist.txt,1,11,1,0,5,OK
/opt/SPMcode/A2/filelist.txt,1,11,0,1000,5,OK
/opt/SPMcode/A2/filelist.txt,1,11,0,1000,5,OK
/opt/SPMcode/A2/filelist.txt,1,11,0,1000,5,OK
/opt/SPMcode/A2/filelist.txt,1,11,0,1000,5,OK
/opt/SPMcode/A2/filelist.txt,1,11,0,1000,5,OK
/opt/SPMcode/A2/filelist.txt,1,11,0,1000,5,OK
/opt/SPMcode/A2/filelist.txt,1,11,0,1000,5,OK
/opt/SPMcode/A2/filelist.txt,1,11,0,1000,5,OK
/opt/SPMcode/A2/filelist.txt,1,11,0,1000,5,OK
/opt/SPMcode/A2/filelist.txt,1,11,0,1000,5,OK
/opt/SPMcode/A2/filelist.txt,1,11,1,1000,5,OK
/opt/SPMcode/A2/filelist.txt,1,11,1,1000,5,OK
/opt/SPMcode/A2/filelist.txt,1,11,1,1000,5,OK
/opt/SPMcode/A2/filelist.txt,1,11,1,1000,5,OK
/opt/SPMcode/A2/filelist.txt,1,11,1,1000,5,OK
/opt/SPMcode/A2/filelist.txt,1,11,1,1000,5,OK
/opt/SPMcode/A2/filelist.txt,1,11,1,1000,5,OK
/opt/SPMcode/A2/filelist.txt,1,11,1,1000,5,OK
/opt/SPMcode/A2/filelist.txt,1,11,1,1000,5,OK
/opt/SPMcode/A2/filelist.txt,1,11,1,1000,5,OK
/opt/SPMcode/A2/filelist.txt,1,11,0,10000,5,OK
/opt/SPMcode/A2/filelist.txt,1,11,0,10000,5,OK
/opt/SPMcode/A2/filelist.txt,1,11,0,10000,5,OK
/opt/SPMcode/A2/filelist.txt,1,11,0,10000,5,OK
/opt/SPMcode/A2/filelist.txt,1,11,0,10000,5,OK
/opt/SPMcode/A2/filelist.txt,1,11,0,10000,5,OK
/opt/SPMcode/A2/filelist.txt,1,11,0,10000,5,OK
/opt/SPMcode/A2/filelist.txt,1,11,0,10000,5,OK
/opt/SPMcode/A2/filelist.txt,1,11,0,10000,5,OK
/opt/SPMcode/A2/filelist.txt,1,11,0,10000,5,OK
/opt/SPMcode/A2/filelist.txt,1,11,1,10000,5,OK
/opt/SPMcode/A2/filelist.txt,1,11,1,10000,5,OK
/opt/SPMcode/A2/filelist.txt,1,11,1,10000,5,OK
/opt/SPMcode/A2/filelist.txt,1,11,1,10000,5,OK
/opt/SPMcode/A2/filelist.txt,1,11,1,10000,5,OK
/opt/SPMcode/A2/filelist.txt,1,11,1,10000,5,OK
/opt/SPMcode/A2/filelist.txt,1,11,1,10000,5,OK
/opt/SPMcode/A2/filelist.txt,1,11,1,10000,5,OK
/opt/SPMcode/A2/filelist.txt,1,11,1,10000,5,OK
/opt/SPMcode/A2/filelist.txt,1,11,1,10000,5,OK
/opt/SPMcode/A2/filelist.txt,1,19,0,0,5,OK
/opt/SPMcode/A2/filelist.txt,1,19,0,0,5,OK
/opt/SPMcode/A2/filelist.txt,1,19,0,0,5,OK
/opt/SPMcode/A2/filelist.txt,1,19,0,0,5,OK
/opt/SPMcode/A2/filelist.txt,1,19,0,0,5,OK
/opt/SPMcode/A2/filelist.txt,1,19,0,0,5,OK
/opt/SPMcode/A2/filelist.txt,1,19,0,0,5,OK
/opt/SPMcode/A2/filelist.txt,1,19,0,0,5,OK
/opt/SPMcode/A2/filelist.txt,1,19,0,0,5,OK
/opt/SPMcode/A2/filelist.txt,1,19,0,0,5,OK
/opt/SPMcode/A2/filelist.txt,1,19,1,0,5,OK
/opt/SPMcode/A2/filelist.txt,1,19,1,0,5,OK
/opt/SPMcode/A2/filelist.txt,1,19,1,0,5,OK
/opt/SPMcode/A2/filelist.txt,1,19,1,0,5,OK
/opt/SPMcode/A2/filelist.txt,1,19,1,0,5,OK
/opt/SPMcode/A2/filelist.txt,1,19,1,0,5,OK
/opt/SPMcode/A2/filelist.txt,1,19,1,0,5,OK
/opt/SPMcode/A2/filelist.txt,1,19,1,0,5,OK
/opt/SPMcode/A2/filelist.txt,1,19,1,0,5,OK
/opt/SPMcode/A2/filelist.txt,1,19,1,0,5,OK
/opt/SPMcode/A2/filelist.txt,1,19,0,1000,5,OK
/opt/SPMcode/A2/filelist.txt,1,19,0,1000,5,OK
/opt/SPMcode/A2/filelist.txt,1,19,0,1000,5,OK
/opt/SPMcode/A2/filelist.txt,1,19,0,1000,5,OK
/opt/SPMcode/A2/filelist.txt,1,19,0,1000,5,OK
/opt/SPMcode/A2/filelist.txt,1,19,0,1000,5,OK
/opt/SPMcode/A2/filelist.txt,1,19,0,1000,5,OK
/opt/SPMcode/A2/filelist.txt,1,19,0,1000,5,OK
/opt/SPMcode/A2/filelist.txt,1,19,0,1000,5,OK
/opt/SPMcode/A2/filelist.txt,1,19,0,1000,5,OK
/opt/SPMcode/A2/filelist.txt,1,19,1,1000,5,OK
/opt/SPMcode/A2/filelist.txt,1,19,1,1000,5,OK
/opt/SPMcode/A2/filelist.txt,1,19,1,1000,5,OK
/opt/SPMcode/A2/filelist.txt,1,19,1,1000,5,OK
/opt/SPMcode/A2/filelist.txt,1,19,1,1000,5,OK
/opt/SPMcode/A2/filelist.txt,1,19,1,1000,5,OK
/opt/SPMcode/A2/filelist.txt,1,19,1,1000,5,OK
/opt/SPMcode/A2/filelist.txt,1,19,1,1000,5,OK
/opt/SPMcode/A2/filelist.txt,1,19,1,1000,5,OK
/opt/SPMcode/A2/filelist.txt,1,19,1,1000,5,OK
/opt/SPMcode/A2/filelist.txt,1,19,0,10000,5,OK
/opt/SPMcode/A2/filelist.txt,1,19,0,10000,5,OK
/opt/SPMcode/A2/filelist.txt,1,19,0,10000,5,OK
/opt/SPMcode/A2/filelist.txt,1,19,0,10000,5,OK
/opt/SPMcode/A2/filelist.txt,1,19,0,10000,5,OK
/opt/SPMcode/A2/filelist.txt,1,19,0,10000,5,OK
/opt/SPMcode/A2/filelist.txt,1,19,0,10000,5,OK
/opt/SPMcode/A2/filelist.txt,1,19,0,10000,5,OK
/opt/SPMcode/A2/filelist.txt,1,19,0,10000,5,OK
/opt/SPMcode/A2/filelist.txt,1,19,0,10000,5,OK
/opt/SPMcode/A2/filelist.txt,1,19,1,10000,5,OK
/opt/SPMcode/A2/filelist.txt,1,19,1,10000,5,OK
/opt/SPMcode/A2/filelist.txt,1,19,1,10000,5,OK
/opt/SPMcode/A2/filelist.txt,1,19,1,10000,5,OK
/opt/SPMcode/A2/filelist.txt,1,19,1,10000,5,OK
/opt/SPMcode/A2/filelist.txt,1,19,1,10000,5,OK
/opt/SPMcode/A2/filelist.txt,1,19,1,10000,5,OK
/opt/SPMcode/A2/filelist.txt,1,19,1,10000,5,OK
/opt/SPMcode/A2/filelist.txt,1,19,1,10000,5,OK
/opt/SPMcode/A2/filelist.txt,1,19,1,10000,5,OK
/opt/SPMcode/A2/filelist.txt,1,27,0,0,5,OK
/opt/SPMcode/A2/filelist.txt,1,27,0,0,5,OK
/opt/SPMcode/A2/filelist.txt,1,27,0,0,5,OK
/opt/SPMcode/A2/filelist.txt,1,27,0,0,5,OK
/opt/SPMcode/A2/filelist.txt,1,27,0,0,5,OK
/opt/SPMcode/A2/filelist.txt,1,27,0,0,5,OK
/opt/SPMcode/A2/filelist.txt,1,27,0,0,5,OK
/opt/SPMcode/A2/filelist.txt,1,27,0,0,5,OK
/opt/SPMcode/A2/filelist.txt,1,27,0,0,5,OK
/opt/SPMcode/A2/filelist.txt,1,27,0,0,5,OK
/opt/SPMcode/A2/filelist.txt,1,27,1,0,5,OK
/opt/SPMcode/A2/filelist.txt,1,27,1,0,5,OK
/opt/SPMcode/A2/filelist.txt,1,27,1,0,5,OK
/opt/SPMcode/A2/filelist.txt,1,27,1,0,5,OK
/opt/SPMcode/A2/filelist.txt,1,27,1,0,5,OK
/opt/SPMcode/A2/filelist.txt,1,27,1,0,5,OK
/opt/SPMcode/A2/filelist.txt,1,27,1,0,5,OK
/opt/SPMcode/A2/filelist.txt,1,27,1,0,5,OK
/opt/SPMcode/A2/filelist.txt,1,27,1,0,5,OK
/opt/SPMcode/A2/filelist.txt,1,27,1,0,5,OK
/opt/SPMcode/A2/filelist.txt,1,27,0,1000,5,OK
/opt/SPMcode/A2/filelist.txt,1,27,0,1000,5,OK
/opt/SPMcode/A2/filelist.txt,1,27,0,1000,5,OK
/opt/SPMcode/A2/filelist.txt,1,27,0,1000,5,OK
/opt/SPMcode/A2/filelist.txt,1,27,0,1000,5,OK
/opt/SPMcode/A2/filelist.txt,1,27,0,1000,5,OK
/opt/SPMcode/A2/filelist.txt,1,27,0,1000,5,OK
/opt/SPMcode/A2/filelist.txt,1,27,0,1000,5,OK
/opt/SPMcode/A2/filelist.txt,1,27,0,1000,5,OK
/opt/SPMcode/A2/filelist.txt,1,27,0,1000,5,OK
/opt/SPMcode/A2/filelist.txt,1,27,1,1000,5,OK
/opt/SPMcode/A2/filelist.txt,1,27,1,1000,5,OK
/opt/SPMcode/A2/filelist.txt,1,27,1,1000,5,OK
/opt/SPMcode/A2/filelist.txt,1,27,1,1000,5,OK
/opt/SPMcode/A2/filelist.txt,1,27,1,1000,5,OK
/opt/SPMcode/A2/filelist.txt,1,27,1,1000,5,OK
/opt/SPMcode/A2/filelist.txt,1,27,1,1000,5,OK
/opt/SPMcode/A2/filelist.txt,1,27,1,1000,5,OK
/opt/SPMcode/A2/filelist.txt,1,27,1,1000,5,OK
/opt/SPMcode/A2/filelist.txt,1,27,1,1000,5,OK
/opt/SPMcode/A2/filelist.txt,1,27,0,10000,5,OK
/opt/SPMcode/A2/filelist.txt,1,27,0,10000,5,OK
/opt/SPMcode/A2/filelist.txt,1,27,0,10000,5,OK
/opt/SPMcode/A2/filelist.txt,1,27,0,10000,5,OK
/opt/SPMcode/A2/filelist.txt,1,27,0,10000,5,OK
/opt/SPMcode/A2/filelist.txt,1,27,0,10000,5,OK
/opt/SPMcode/A2/filelist.txt,1,27,0,10000,5,OK
/opt/SPMcode/A2/filelist.txt,1,27,0,10000,5,OK
/opt/SPMcode/A2/filelist.txt,1,27,0,10000,5,OK
/opt/SPMcode/A2/filelist.txt,1,27,0,10000,5,OK
/opt/SPMcode/A2/filelist.txt,1,27,1,10000,5,OK
/opt/SPMcode/A2/filelist.txt,1,27,1,10000,5,OK
/opt/SPMcode/A2/filelist.txt,1,27,1,10000,5,OK
/opt/SPMcode/A2/filelist.txt,1,27,1,10000,5,OK
/opt/SPMcode/A2/filelist.txt,1,27,1,10000,5,OK
/opt/SPMcode/A2/filelist.txt,1,27,1,10000,5,OK
/opt/SPMcode/A2/filelist.txt,1,27,1,10000,5,OK
/opt/SPMcode/A2/filelist.txt,1,27,1,10000,5,OK
/opt/SPMcode/A2/filelist.txt,1,27,1,10000,5,OK
/opt/SPMcode/A2/filelist.txt,1,27,1,10000,5,OK
/opt/SPMcode/A2/filelist.txt,1,35,0,0,5,OK
/opt/SPMcode/A2/filelist.txt,1,35,0,0,5,OK
/opt/SPMcode/A2/filelist.txt,1,35,0,0,5,OK
/opt/SPMcode/A2/filelist.txt,1,35,0,0,5,OK
/opt/SPMcode/A2/filelist.txt,1,35,0,0,5,OK
/opt/SPMcode/A2/filelist.txt,1,35,0,0,5,OK
/opt/SPMcode/A2/filelist.txt,1,35,0,0,5,OK
/opt/SPMcode/A2/filelist.txt,1,35,0,0,5,OK
/opt/SPMcode/A2/filelist.txt,1,35,0,0,5,OK
/opt/SPMcode/A2/filelist.txt,1,35,0,0,5,OK
/opt/SPMcode/A2/filelist.txt,1,35,1,0,5,OK
/opt/SPMcode/A2/filelist.txt,1,35,1,0,5,OK
/opt/SPMcode/A2/filelist.txt,1,35,1,0,5,OK
/opt/SPMcode/A2/filelist.txt,1,35,1,0,5,OK
/opt/SPMcode/A2/filelist.txt,1,35,1,0,5,OK
/opt/SPMcode/A2/filelist.txt,1,35,1,0,5,OK
/opt/SPMcode/A2/filelist.txt,1,35,1,0,5,OK
/opt/SPMcode/A2/filelist.txt,1,35,1,0,5,OK
/opt/SPMcode/A2/filelist.txt,1,35,1,0,5,OK
/opt/SPMcode/A2/filelist.txt,1,35,1,0,5,OK
/opt/SPMcode/A2/filelist.txt,1,35,0,1000,5,OK
/opt/SPMcode/A2/filelist.txt,1,35,0,1000,5,OK
/opt/SPMcode/A2/filelist.txt,1,35,0,1000,5,OK
/opt/SPMcode/A2/filelist.txt,1,35,0,1000,5,OK
/opt/SPMcode/A2/filelist.txt,1,35,0,1000,5,OK
/opt/SPMcode/A2/filelist.txt,1,35,0,1000,5,OK
/opt/SPMcode/A2/filelist.txt,1,35,0,1000,5,OK
/opt/SPMcode/A2/filelist.txt,1,35,0,1000,5,OK
/opt/SPMcode/A2/filelist.txt,1,35,0,1000,5,OK
/opt/SPMcode/A2/filelist.txt,1,35,0,1000,5,OK
/opt/SPMcode/A2/filelist.txt,1,35,1,1000,5,OK
/opt/SPMcode/A2/filelist.txt,1,35,1,1000,5,OK
/opt/SPMcode/A2/filelist.txt,1,35,1,1000,5,OK
/opt/SPMcode/A2/filelist.txt,1,35,1,1000,5,OK
/opt/SPMcode/A2/filelist.txt,1,35,1,1000,5,OK
/opt/SPMcode/A2/filelist.txt,1,35,1,1000,5,OK
/opt/SPMcode/A2/filelist.txt,1,35,1,1000,5,OK
/opt/SPMcode/A2/filelist.txt,1,35,1,1000,5,OK
/opt/SPMcode/A2/filelist.txt,1,35,1,1000,5,OK
/opt/SPMcode/A2/filelist.txt,1,35,1,1000,5,OK
/opt/SPMcode/A2/filelist.txt,1,35,0,10000,5,OK
/opt/SPMcode/A2/filelist.txt,1,35,0,10000,5,OK
/opt/SPMcode/A2/filelist.txt,1,35,0,10000,5,OK
/opt/SPMcode/A2/filelist.txt,1,35,0,10000,5,OK
/opt/SPMcode/A2/filelist.txt,1,35,0,10000,5,OK
/opt/SPMcode/A2/filelist.txt,1,35,0,10000,5,OK
/opt/SPMcode/A2/filelist.txt,1,35,0,10000,5,OK
/opt/SPMcode/A2/filelist.txt,1,35,0,10000,5,OK
/opt/SPMcode/A2/filelist.txt,1,35,0,10000,5,OK
/opt/SPMcode/A2/filelist.txt,1,35,0,10000,5,OK
/opt/SPMcode/A2/filelist.txt,1,35,1,10000,5,OK
/opt/SPMcode/A2/filelist.txt,1,35,1,10000,5,OK
/opt/SPMcode/A2/filelist.txt,1,35,1,10000,5,OK
/opt/SPMcode/A2/filelist.txt,1,35,1,10000,5,OK
/opt/SPMcode/A2/filelist.txt,1,35,1,10000,5,OK
/opt/SPMcode/A2/filelist.txt,1,35,1,10000,5,OK
/opt/SPMcode/A2/filelist.txt,1,35,1,10000,5,OK
/opt/SPMcode/A2/filelist.txt,1,35,1,10000,5,OK
/opt/SPMcode/A2/filelist.txt,1,35,1,10000,5,OK
/opt/SPMcode/A2/filelist.txt,1,35,1,10000,5,OK
/opt/SPMcode/A2/filelist.txt,1,43,0,0,5,OK
/opt/SPMcode/A2/filelist.txt,1,43,0,0,5,OK
/opt/SPMcode/A2/filelist.txt,1,43,0,0,5,OK
/opt/SPMcode/A2/filelist.txt,1,43,0,0,5,OK
/opt/SPMcode/A2/filelist.txt,1,43,0,0,5,OK
/opt/SPMcode/A2/filelist.txt,1,43,0,0,5,OK
/opt/SPMcode/A2/filelist.txt,1,43,0,0,5,OK
/opt/SPMcode/A2/filelist.txt,1,43,0,0,5,OK
/opt/SPMcode/A2/filelist.txt,1,43,0,0,5,OK
/opt/SPMcode/A2/filelist.txt,1,43,0,0,5,OK
/opt/SPMcode/A2/filelist.txt,1,43,1,0,5,OK
/opt/SPMcode/A2/filelist.txt,1,43,1,0,5,OK
/opt/SPMcode/A2/filelist.txt,1,43,1,0,5,OK
/opt/SPMcode/A2/filelist.txt,1,43,1,0,5,OK
/opt/SPMcode/A2/filelist.txt,1,43,1,0,5,OK
/opt/SPMcode/A2/filelist.txt,1,43,1,0,5,OK
/opt/SPMcode/A2/filelist.txt,1,43,1,0,5,OK
/opt/SPMcode/A2/filelist.txt,1,43,1,0,5,OK
/opt/SPMcode/A2/filelist.txt,1,43,1,0,5,OK
/opt/SPMcode/A2/filelist.txt,1,43,1,0,5,OK
/opt/SPMcode/A2/filelist.txt,1,43,0,1000,5,OK
/opt/SPMcode/A2/filelist.txt,1,43,0,1000,5,OK
/opt/SPMcode/A2/filelist.txt,1,43,0,1000,5,OK
/opt/SPMcode/A2/filelist.txt,1,43,0,1000,5,OK
/opt/SPMcode/A2/filelist.txt,1,43,0,1000,5,OK
/opt/SPMcode/A2/filelist.txt,1,43,0,1000,5,OK
/opt/SPMcode/A2/filelist.txt,1,43,0,1000,5,OK
/opt/SPMcode/A2/filelist.txt,1,43,0,1000,5,OK
/opt/SPMcode/A2/filelist.txt,1,43,0,1000,5,OK
/opt/SPMcode/A2/filelist.txt,1,43,0,1000,5,OK
/opt/SPMcode/A2/filelist.txt,1,43,1,1000,5,OK
/opt/SPMcode/A2/filelist.txt,1,43,1,1000,5,OK
/opt/SPMcode/A2/filelist.txt,1,43,1,1000,5,OK
/opt/SPMcode/A2/filelist.txt,1,43,1,1000,5,OK
/opt/SPMcode/A2/filelist.txt,1,43,1,1000,5,OK
/opt/SPMcode/A2/filelist.txt,1,43,1,1000,5,OK
/opt/SPMcode/A2/filelist.txt,1,43,1,1000,5,OK
/opt/SPMcode/A2/filelist.txt,1,43,1,1000,5,OK
/opt/SPMcode/A2/filelist.txt,1,43,1,1000,5,OK
/opt/SPMcode/A2/filelist.txt,1,43,1,1000,5,OK
/opt/SPMcode/A2/filelist.txt,1,43,0,10000,5,OK
/opt/SPMcode/A2/filelist.txt,1,43,0,10000,5,OK
/opt/SPMcode/A2/filelist.txt,1,43,0,10000,5,OK
/opt/SPMcode/A2/filelist.txt,1,43,0,10000,5,OK
/opt/SPMcode/A2/filelist.txt,1,43,0,10000,5,OK
/opt/SPMcode/A2/filelist.txt,1,43,0,10000,5,OK
/opt/SPMcode/A2/filelist.txt,1,43,0,10000,5,OK
/opt/SPMcode/A2/filelist.txt,1,43,0,10000,5,OK
/opt/SPMcode/A2/filelist.txt,1,43,0,10000,5,OK
/opt/SPMcode/A2/filelist.txt,1,43,0,10000,5,OK
/opt/SPMcode/A2/filelist.txt,1,43,1,10000,5,OK
/opt/SPMcode/A2/filelist.txt,1,43,1,10000,5,OK
/opt/SPMcode/A2/filelist.txt,1,43,1,10000,5,OK
/opt/SPMcode/A2/filelist.txt,1,43,1,10000,5,OK
/opt/SPMcode/A2/filelist.txt,1,43,1,10000,5,OK
/opt/SPMcode/A2/filelist.txt,1,43,1,10000,5,OK
/opt/SPMcode/A2/filelist.txt,1,43,1,10000,5,OK
/opt/SPMcode/A2/filelist.txt,1,43,1,10000,5,OK
/opt/SPMcode/A2/filelist.txt,1,43,1,10000,5,OK
/opt/SPMcode/A2/filelist.txt,1,43,1,10000,5,OK
/opt/SPMcode/A2/filelist.txt,1,51,0,0,5,OK
/opt/SPMcode/A2/filelist.txt,1,51,0,0,5,OK
/opt/SPMcode/A2/filelist.txt,1,51,0,0,5,OK
/opt/SPMcode/A2/filelist.txt,1,51,0,0,5,OK
/opt/SPMcode/A2/filelist.txt,1,51,0,0,5,OK
/opt/SPMcode/A2/filelist.txt,1,51,0,0,5,OK
/opt/SPMcode/A2/filelist.txt,1,51,0,0,5,OK
/opt/SPMcode/A2/filelist.txt,1,51,0,0,5,OK
/opt/SPMcode/A2/filelist.txt,1,51,0,0,5,OK
/opt/SPMcode/A2/filelist.txt,1,51,0,0,5,OK
/opt/SPMcode/A2/filelist.txt,1,51,1,0,5,OK
/opt/SPMcode/A2/filelist.txt,1,51,1,0,5,OK
/opt/SPMcode/A2/filelist.txt,1,51,1,0,5,OK
/opt/SPMcode/A2/filelist.txt,1,51,1,0,5,OK
/opt/SPMcode/A2/filelist.txt,1,51,1,0,5,OK
/opt/SPMcode/A2/filelist.txt,1,51,1,0,5,OK
/opt/SPMcode/A2/filelist.txt,1,51,1,0,5,OK
/opt/SPMcode/A2/filelist.txt,1,51,1,0,5,OK
/opt/SPMcode/A2/filelist.txt,1,51,1,0,5,OK
/opt/SPMcode/A2/filelist.txt,1,51,1,0,5,OK
/opt/SPMcode/A2/filelist.txt,1,51,0,1000,5,OK
/opt/SPMcode/A2/filelist.txt,1,51,0,1000,5,OK
/opt/SPMcode/A2/filelist.txt,1,51,0,1000,5,OK
/opt/SPMcode/A2/filelist.txt,1,51,0,1000,5,OK
/opt/SPMcode/A2/filelist.txt,1,51,0,1000,5,OK
/opt/SPMcode/A2/filelist.txt,1,51,0,1000,5,OK
/opt/SPMcode/A2/filelist.txt,1,51,0,1000,5,OK
/opt/SPMcode/A2/filelist.txt,1,51,0,1000,5,OK
/opt/SPMcode/A2/filelist.txt,1,51,0,1000,5,OK
/opt/SPMcode/A2/filelist.txt,1,51,0,1000,5,OK
/opt/SPMcode/A2/filelist.txt,1,51,1,1000,5,OK
/opt/SPMcode/A2/filelist.txt,1,51,1,1000,5,OK
/opt/SPMcode/A2/filelist.txt,1,51,1,1000,5,OK
/opt/SPMcode/A2/filelist.txt,1,51,1,1000,5,OK
/opt/SPMcode/A2/filelist.txt,1,51,1,1000,5,OK
/opt/SPMcode/A2/filelist.txt,1,51,1,1000,5,OK
/opt/SPMcode/A2/filelist.txt,1,51,1,1000,5,OK
/opt/SPMcode/A2/filelist.txt,1,51,1,1000,5,OK
/opt/SPMcode/A2/filelist.txt,1,51,1,1000,5,OK
/opt/SPMcode/A2/filelist.txt,1,51,1,1000,5,OK
/opt/SPMcode/A2/filelist.txt,1,51,0,10000,5,OK
/opt/SPMcode/A2/filelist.txt,1,51,0,10000,5,OK
/opt/SPMcode/A2/filelist.txt,1,51,0,10000,5,OK
/opt/SPMcode/A2/filelist.txt,1,51,0,10000,5,OK
/opt/SPMcode/A2/filelist.txt,1,51,0,10000,5,OK
/opt/SPMcode/A2/filelist.txt,1,51,0,10000,5,OK
/opt/SPMcode/A2/filelist.txt,1,51,0,10000,5,OK
/opt/SPMcode/A2/filelist.txt,1,51,0,10000,5,OK
/opt/SPMcode/A2/filelist.txt,1,51,0,10000,5,OK
/opt/SPMcode/A2/filelist.txt,1,51,0,10000,5,OK
/opt/SPMcode/A2/filelist.txt,1,51,1,10000,5,OK
/opt/SPMcode/A2/filelist.txt,1,51,1,10000,5,OK
/opt/SPMcode/A2/filelist.txt,1,51,1,10000,5,OK
/opt/SPMcode/A2/filelist.txt,1,51,1,10000,5,OK
/opt/SPMcode/A2/filelist.txt,1,51,1,10000,5,OK
/opt/SPMcode/A2/filelist.txt,1,51,1,10000,5,OK
/opt/SPMcode/A2/filelist.txt,1,51,1,10000,5,OK
/opt/SPMcode/A2/filelist.txt,1,51,1,10000,5,OK
/opt/SPMcode/A2/filelist.txt,1,51,1,10000,5,OK
/opt/SPMcode/A2/filelist.txt,1,51,1,10000,5,OK
/opt/SPMcode/A2/filelist.txt,1,59,0,0,5,OK
/opt/SPMcode/A2/filelist.txt,1,59,0,0,5,OK
/opt/SPMcode/A2/filelist.txt,1,59,0,0,5,OK
/opt/SPMcode/A2/filelist.txt,1,59,0,0,5,OK
/opt/SPMcode/A2/filelist.txt,1,59,0,0,5,OK
/opt/SPMcode/A2/filelist.txt,1,59,0,0,5,OK
/opt/SPMcode/A2/filelist.txt,1,59,0,0,5,OK
/opt/SPMcode/A2/filelist.txt,1,59,0,0,5,OK
/opt/SPMcode/A2/filelist.txt,1,59,0,0,5,OK
/opt/SPMcode/A2/filelist.txt,1,59,0,0,5,OK
/opt/SPMcode/A2/filelist.txt,1,59,1,0,5,OK
/opt/SPMcode/A2/filelist.txt,1,59,1,0,5,OK
/opt/SPMcode/A2/filelist.txt,1,59,1,0,5,OK
/opt/SPMcode/A2/filelist.txt,1,59,1,0,5,OK
/opt/SPMcode/A2/filelist.txt,1,59,1,0,5,OK
/opt/SPMcode/A2/filelist.txt,1,59,1,0,5,OK
/opt/SPMcode/A2/filelist.txt,1,59,1,0,5,OK
/opt/SPMcode/A2/filelist.txt,1,59,1,0,5,OK
/opt/SPMcode/A2/filelist.txt,1,59,1,0,5,OK
/opt/SPMcode/A2/filelist.txt,1,59,1,0,5,OK
/opt/SPMcode/A2/filelist.txt,1,59,0,1000,5,OK
/opt/SPMcode/A2/filelist.txt,1,59,0,1000,5,OK
/opt/SPMcode/A2/filelist.txt,1,59,0,1000,5,OK
/opt/SPMcode/A2/filelist.txt,1,59,0,1000,5,OK
/opt/SPMcode/A2/filelist.txt,1,59,0,1000,5,OK
/opt/SPMcode/A2/filelist.txt,1,59,0,1000,5,OK
/opt/SPMcode/A2/filelist.txt,1,59,0,1000,5,OK
/opt/SPMcode/A2/filelist.txt,1,59,0,1000,5,OK
/opt/SPMcode/A2/filelist.txt,1,59,0,1000,5,OK
/opt/SPMcode/A2/filelist.txt,1,59,0,1000,5,OK
/opt/SPMcode/A2/filelist.txt,1,59,1,1000,5,OK
/opt/SPMcode/A2/filelist.txt,1,59,1,1000,5,OK
/opt/SPMcode/A2/filelist.txt,1,59,1,1000,5,OK
/opt/SPMcode/A2/filelist.txt,1,59,1,1000,5,OK
/opt/SPMcode/A2/filelist.txt,1,59,1,1000,5,OK
/opt/SPMcode/A2/filelist.txt,1,59,1,1000,5,OK
/opt/SPMcode/A2/filelist.txt,1,59,1,1000,5,OK
/opt/SPMcode/A2/filelist.txt,1,59,1,1000,5,OK
/opt/SPMcode/A2/filelist.txt,1,59,1,1000,5,OK
/opt/SPMcode/A2/filelist.txt,1,59,1,1000,5,OK
/opt/SPMcode/A2/filelist.txt,1,59,0,10000,5,OK
/opt/SPMcode/A2/filelist.txt,1,59,0,10000,5,OK
/opt/SPMcode/A2/filelist.txt,1,59,0,10000,5,OK
/opt/SPMcode/A2/filelist.txt,1,59,0,10000,5,OK
/opt/SPMcode/A2/filelist.txt,1,59,0,10000,5,OK
/opt/SPMcode/A2/filelist.txt,1,59,0,10000,5,OK
/opt/SPMcode/A2/filelist.txt,1,59,0,10000,5,OK
/opt/SPMcode/A2/filelist.txt,1,59,0,10000,5,OK
/opt/SPMcode/A2/filelist.txt,1,59,0,10000,5,OK
/opt/SPMcode/A2/filelist.txt,1,59,0,10000,5,OK
/opt/SPMcode/A2/filelist.txt,1,59,1,10000,5,OK
/opt/SPMcode/A2/filelist.txt,1,59,1,10000,5,OK
/opt/SPMcode/A2/filelist.txt,1,59,1,10000,5,OK
/opt/SPMcode/A2/filelist.txt,1,59,1,10000,5,OK
/opt/SPMcode/A2/filelist.txt,1,59,1,10000,5,OK
/opt/SPMcode/A2/filelist.txt,1,59,1,10000,5,OK
/opt/SPMcode/A2/filelist.txt,1,59,1,10000,5,OK
/opt/SPMcode/A2/filelist.txt,1,59,1,10000,5,OK
/opt/SPMcode/A2/filelist.txt,1,59,1,10000,5,OK
/opt/SPMcode/A2/filelist.txt,1,59,1,10000,5,OK
/opt/SPMcode/A2/filelist.txt,4,4,0,0,5,OK
/opt/SPMcode/A2/filelist.txt,4,4,0,0,5,OK
/opt/SPMcode/A2/filelist.txt,4,4,0,0,5,OK
/opt/SPMcode/A2/filelist.txt,4,4,0,0,5,OK
/opt/SPMcode/A2/filelist.txt,4,4,0,0,5,OK
/opt/SPMcode/A2/filelist.txt,4,4,0,0,5,OK
/opt/SPMcode/A2/filelist.txt,4,4,0,0,5,OK
/opt/SPMcode/A2/filelist.txt,4,4,0,0,5,OK
/opt/SPMcode/A2/filelist.txt,4,4,0,0,5,OK
/opt/SPMcode/A2/filelist.txt,4,4,0,0,5,OK
/opt/SPMcode/A2/filelist.txt,4,4,1,0,5,OK
/opt/SPMcode/A2/filelist.txt,4,4,1,0,5,OK
/opt/SPMcode/A2/filelist.txt,4,4,1,0,5,OK
/opt/SPMcode/A2/filelist.txt,4,4,1,0,5,OK
/opt/SPMcode/A2/filelist.txt,4,4,1,0,5,OK
/opt/SPMcode/A2/filelist.txt,4,4,1,0,5,OK
/opt/SPMcode/A2/filelist.txt,4,4,1,0,5,OK
/opt/SPMcode/A2/filelist.txt,4,4,1,0,5,OK
/opt/SPMcode/A2/filelist.txt,4,4,1,0,5,OK
/opt/SPMcode/A2/filelist.txt,4,4,1,0,5,OK
/opt/SPMcode/A2/filelist.txt,4,4,0,1000,5,OK
/opt/SPMcode/A2/filelist.txt,4,4,0,1000,5,OK
/opt/SPMcode/A2/filelist.txt,4,4,0,1000,5,OK
/opt/SPMcode/A2/filelist.txt,4,4,0,1000,5,OK
/opt/SPMcode/A2/filelist.txt,4,4,0,1000,5,OK
/opt/SPMcode/A2/filelist.txt,4,4,0,1000,5,OK
/opt/SPMcode/A2/filelist.txt,4,4,0,1000,5,OK
/opt/SPMcode/A2/filelist.txt,4,4,0,1000,5,OK
/opt/SPMcode/A2/filelist.txt,4,4,0,1000,5,OK
/opt/SPMcode/A2/filelist.txt,4,4,0,1000,5,OK
/opt/SPMcode/A2/filelist.txt,4,4,1,1000,5,OK
/opt/SPMcode/A2/filelist.txt,4,4,1,1000,5,OK
/opt/SPMcode/A2/filelist.txt,4,4,1,1000,5,OK
/opt/SPMcode/A2/filelist.txt,4,4,1,1000,5,OK
/opt/SPMcode/A2/filelist.txt,4,4,1,1000,5,OK
/opt/SPMcode/A2/filelist.txt,4,4,1,1000,5,OK
/opt/SPMcode/A2/filelist.txt,4,4,1,1000,5,OK
/opt/SPMcode/A2/filelist.txt,4,4,1,1000,5,OK
/opt/SPMcode/A2/filelist.txt,4,4,1,1000,5,OK
/opt/SPMcode/A2/filelist.txt,4,4,1,1000,5,OK
/opt/SPMcode/A2/filelist.txt,4,4,0,10000,5,OK
/opt/SPMcode/A2/filelist.txt,4,4,0,10000,5,OK
/opt/SPMcode/A2/filelist.txt,4,4,0,10000,5,OK
/opt/SPMcode/A2/filelist.txt,4,4,0,10000,5,OK
/opt/SPMcode/A2/filelist.txt,4,4,0,10000,5,OK
/opt/SPMcode/A2/filelist.txt,4,4,0,10000,5,OK
/opt/SPMcode/A2/filelist.txt,4,4,0,10000,5,OK
/opt/SPMcode/A2/filelist.txt,4,4,0,10000,5,OK
/opt/SPMcode/A2/filelist.txt,4,4,0,10000,5,OK
/opt/SPMcode/A2/filelist.txt,4,4,0,10000,5,OK
/opt/SPMcode/A2/filelist.txt,4,4,1,10000,5,OK
/opt/SPMcode/A2/filelist.txt,4,4,1,10000,5,OK
/opt/SPMcode/A2/filelist.txt,4,4,1,10000,5,OK
/opt/SPMcode/A2/filelist.txt,4,4,1,10000,5,OK
/opt/SPMcode/A2/filelist.txt,4,4,1,10000,5,OK
/opt/SPMcode/A2/filelist.txt,4,4,1,10000,5,OK
/opt/SPMcode/A2/filelist.txt,4,4,1,10000,5,OK
/opt/SPMcode/A2/filelist.txt,4,4,1,10000,5,OK
/opt/SPMcode/A2/filelist.txt,4,4,1,10000,5,OK
/opt/SPMcode/A2/filelist.txt,4,4,1,10000,5,OK
/opt/SPMcode/A2/filelist.txt,4,8,0,0,5,OK
/opt/SPMcode/A2/filelist.txt,4,8,0,0,5,OK
/opt/SPMcode/A2/filelist.txt,4,8,0,0,5,OK
/opt/SPMcode/A2/filelist.txt,4,8,0,0,5,OK
/opt/SPMcode/A2/filelist.txt,4,8,0,0,5,OK
/opt/SPMcode/A2/filelist.txt,4,8,0,0,5,OK
/opt/SPMcode/A2/filelist.txt,4,8,0,0,5,OK
/opt/SPMcode/A2/filelist.txt,4,8,0,0,5,OK
/opt/SPMcode/A2/filelist.txt,4,8,0,0,5,OK
/opt/SPMcode/A2/filelist.txt,4,8,0,0,5,OK
/opt/SPMcode/A2/filelist.txt,4,8,1,0,5,OK
/opt/SPMcode/A2/filelist.txt,4,8,1,0,5,OK
/opt/SPMcode/A2/filelist.txt,4,8,1,0,5,OK
/opt/SPMcode/A2/filelist.txt,4,8,1,0,5,OK
/opt/SPMcode/A2/filelist.txt,4,8,1,0,5,OK
/opt/SPMcode/A2/filelist.txt,4,8,1,0,5,OK
/opt/SPMcode/A2/filelist.txt,4,8,1,0,5,OK
/opt/SPMcode/A2/filelist.txt,4,8,1,0,5,OK
/opt/SPMcode/A2/filelist.txt,4,8,1,0,5,OK
/opt/SPMcode/A2/filelist.txt,4,8,1,0,5,OK
/opt/SPMcode/A2/filelist.txt,4,8,0,1000,5,OK
/opt/SPMcode/A2/filelist.txt,4,8,0,1000,5,OK
/opt/SPMcode/A2/filelist.txt,4,8,0,1000,5,OK
/opt/SPMcode/A2/filelist.txt,4,8,0,1000,5,OK
/opt/SPMcode/A2/filelist.txt,4,8,0,1000,5,OK
/opt/SPMcode/A2/filelist.txt,4,8,0,1000,5,OK
/opt/SPMcode/A2/filelist.txt,4,8,0,1000,5,OK
/opt/SPMcode/A2/filelist.txt,4,8,0,1000,5,OK
/opt/SPMcode/A2/filelist.txt,4,8,0,1000,5,OK
/opt/SPMcode/A2/filelist.txt,4,8,0,1000,5,OK
/opt/SPMcode/A2/filelist.txt,4,8,1,1000,5,OK
/opt/SPMcode/A2/filelist.txt,4,8,1,1000,5,OK
/opt/SPMcode/A2/filelist.txt,4,8,1,1000,5,OK
/opt/SPMcode/A2/filelist.txt,4,8,1,1000,5,OK
/opt/SPMcode/A2/filelist.txt,4,8,1,1000,5,OK
/opt/SPMcode/A2/filelist.txt,4,8,1,1000,5,OK
/opt/SPMcode/A2/filelist.txt,4,8,1,1000,5,OK
/opt/SPMcode/A2/filelist.txt,4,8,1,1000,5,OK
/opt/SPMcode/A2/filelist.txt,4,8,1,1000,5,OK
/opt/SPMcode/A2/filelist.txt,4,8,1,1000,5,OK
/opt/SPMcode/A2/filelist.txt,4,8,0,10000,5,OK
/opt/SPMcode/A2/filelist.txt,4,8,0,10000,5,OK
/opt/SPMcode/A2/filelist.txt,4,8,0,10000,5,OK
/opt/SPMcode/A2/filelist.txt,4,8,0,10000,5,OK
/opt/SPMcode/A2/filelist.txt,4,8,0,10000,5,OK
/opt/SPMcode/A2/filelist.txt,4,8,0,10000,5,OK
/opt/SPMcode/A2/filelist.txt,4,8,0,10000,5,OK
/opt/SPMcode/A2/filelist.txt,4,8,0,10000,5,OK
/opt/SPMcode/A2/filelist.txt,4,8,0,10000,5,OK
/opt/SPMcode/A2/filelist.txt,4,8,0,10000,5,OK
/opt/SPMcode/A2/filelist.txt,4,8,1,10000,5,OK
/opt/SPMcode/A2/filelist.txt,4,8,1,10000,5,OK
/opt/SPMcode/A2/filelist.txt,4,8,1,10000,5,OK
/opt/SPMcode/A2/filelist.txt,4,8,1,10000,5,OK
/opt/SPMcode/A2/filelist.txt,4,8,1,10000,5,OK
/opt/SPMcode/A2/filelist.txt,4,8,1,10000,5,OK
/opt/SPMcode/A2/filelist.txt,4,8,1,10000,5,OK
/opt/SPMcode/A2/filelist.txt,4,8,1,10000,5,OK
/opt/SPMcode/A2/filelist.txt,4,8,1,10000,5,OK
/opt/SPMcode/A2/filelist.txt,4,8,1,10000,5,OK
/opt/SPMcode/A2/filelist.txt,4,16,0,0,5,OK
/opt/SPMcode/A2/filelist.txt,4,16,0,0,5,OK
/opt/SPMcode/A2/filelist.txt,4,16,0,0,5,OK
/opt/SPMcode/A2/filelist.txt,4,16,0,0,5,OK
/opt/SPMcode/A2/filelist.txt,4,16,0,0,5,OK
/opt/SPMcode/A2/filelist.txt,4,16,0,0,5,OK
/opt/SPMcode/A2/filelist.txt,4,16,0,0,5,OK
/opt/SPMcode/A2/filelist.txt,4,16,0,0,5,OK
/opt/SPMcode/A2/filelist.txt,4,16,0,0,5,OK
/opt/SPMcode/A2/filelist.txt,4,16,0,0,5,OK
/opt/SPMcode/A2/filelist.txt,4,16,1,0,5,OK
/opt/SPMcode/A2/filelist.txt,4,16,1,0,5,OK
/opt/SPMcode/A2/filelist.txt,4,16,1,0,5,OK
/opt/SPMcode/A2/filelist.txt,4,16,1,0,5,OK
/opt/SPMcode/A2/filelist.txt,4,16,1,0,5,OK
/opt/SPMcode/A2/filelist.txt,4,16,1,0,5,OK
/opt/SPMcode/A2/filelist.txt,4,16,1,0,5,OK
/opt/SPMcode/A2/filelist.txt,4,16,1,0,5,OK
/opt/SPMcode/A2/filelist.txt,4,16,1,0,5,OK
/opt/SPMcode/A2/filelist.txt,4,16,1,0,5,OK
/opt/SPMcode/A2/filelist.txt,4,16,0,1000,5,OK
/opt/SPMcode/A2/filelist.txt,4,16,0,1000,5,OK
/opt/SPMcode/A2/filelist.txt,4,16,0,1000,5,OK
/opt/SPMcode/A2/filelist.txt,4,16,0,1000,5,OK
/opt/SPMcode/A2/filelist.txt,4,16,0,1000,5,OK
/opt/SPMcode/A2/filelist.txt,4,16,0,1000,5,OK
/opt/SPMcode/A2/filelist.txt,4,16,0,1000,5,OK
/opt/SPMcode/A2/filelist.txt,4,16,0,1000,5,OK
/opt/SPMcode/A2/filelist.txt,4,16,0,1000,5,OK
/opt/SPMcode/A2/filelist.txt,4,16,0,1000,5,OK
/opt/SPMcode/A2/filelist.txt,4,16,1,1000,5,OK
/opt/SPMcode/A2/filelist.txt,4,16,1,1000,5,OK
/opt/SPMcode/A2/filelist.txt,4,16,1,1000,5,OK
/opt/SPMcode/A2/filelist.txt,4,16,1,1000,5,OK
/opt/SPMcode/A2/filelist.txt,4,16,1,1000,5,OK
/opt/SPMcode/A2/filelist.txt,4,16,1,1000,5,OK
/opt/SPMcode/A2/filelist.txt,4,16,1,1000,5,OK
/opt/SPMcode/A2/filelist.txt,4,16,1,1000,5,OK
/opt/SPMcode/A2/filelist.txt,4,16,1,1000,5,OK
/opt/SPMcode/A2/filelist.txt,4,16,1,1000,5,OK
/opt/SPMcode/A2/filelist.txt,4,16,0,10000,5,OK
/opt/SPMcode/A2/filelist.txt,4,16,0,10000,5,OK
/opt/SPMcode/A2/filelist.txt,4,16,0,10000,5,OK
/opt/SPMcode/A2/filelist.txt,4,16,0,10000,5,OK
/opt/SPMcode/A2/filelist.txt,4,16,0,10000,5,OK
/opt/SPMcode/A2/filelist.txt,4,16,0,10000,5,OK
/opt/SPMcode/A2/filelist.txt,4,16,0,10000,5,OK
/opt/SPMcode/A2/filelist.txt,4,16,0,10000,5,OK
/opt/SPMcode/A2/filelist.txt,4,16,0,10000,5,OK
/opt/SPMcode/A2/filelist.txt,4,16,0,10000,5,OK
/opt/SPMcode/A2/filelist.txt,4,16,1,10000,5,OK
/opt/SPMcode/A2/filelist.txt,4,16,1,10000,5,OK
/opt/SPMcode/A2/filelist.txt,4,16,1,10000,5,OK
/opt/SPMcode/A2/filelist.txt,4,16,1,10000,5,OK
/opt/SPMcode/A2/filelist.txt,4,16,1,10000,5,OK
/opt/SPMcode/A2/filelist.txt,4,16,1,10000,5,OK
/opt/SPMcode/A2/filelist.txt,4,16,1,10000,5,OK
/opt/SPMcode/A2/filelist.txt,4,16,1,10000,5,OK
/opt/SPMcode/A2/filelist.txt,4,16,1,10000,5,OK
/opt/SPMcode/A2/filelist.txt,4,16,1,10000,5,OK
/opt/SPMcode/A2/filelist.txt,4,24,0,0,5,OK
/opt/SPMcode/A2/filelist.txt,4,24,0,0,5,OK
/opt/SPMcode/A2/filelist.txt,4,24,0,0,5,OK
/opt/SPMcode/A2/filelist.txt,4,24,0,0,5,OK
/opt/SPMcode/A2/filelist.txt,4,24,0,0,5,OK
/opt/SPMcode/A2/filelist.txt,4,24,0,0,5,OK
/opt/SPMcode/A2/filelist.txt,4,24,0,0,5,OK
/opt/SPMcode/A2/filelist.txt,4,24,0,0,5,OK
/opt/SPMcode/A2/filelist.txt,4,24,0,0,5,OK
/opt/SPMcode/A2/filelist.txt,4,24,0,0,5,OK
/opt/SPMcode/A2/filelist.txt,4,24,1,0,5,OK
/opt/SPMcode/A2/filelist.txt,4,24,1,0,5,OK
/opt/SPMcode/A2/filelist.txt,4,24,1,0,5,OK
/opt/SPMcode/A2/filelist.txt,4,24,1,0,5,OK
/opt/SPMcode/A2/filelist.txt,4,24,1,0,5,OK
/opt/SPMcode/A2/filelist.txt,4,24,1,0,5,OK
/opt/SPMcode/A2/filelist.txt,4,24,1,0,5,OK
/opt/SPMcode/A2/filelist.txt,4,24,1,0,5,OK
/opt/SPMcode/A2/filelist.txt,4,24,1,0,5,OK
/opt/SPMcode/A2/filelist.txt,4,24,1,0,5,OK
/opt/SPMcode/A2/filelist.txt,4,24,0,1000,5,OK
/opt/SPMcode/A2/filelist.txt,4,24,0,1000,5,OK
/opt/SPMcode/A2/filelist.txt,4,24,0,1000,5,OK
/opt/SPMcode/A2/filelist.txt,4,24,0,1000,5,OK
/opt/SPMcode/A2/filelist.txt,4,24,0,1000,5,OK
/opt/SPMcode/A2/filelist.txt,4,24,0,1000,5,OK
/opt/SPMcode/A2/filelist.txt,4,24,0,1000,5,OK
/opt/SPMcode/A2/filelist.txt,4,24,0,1000,5,OK
/opt/SPMcode/A2/filelist.txt,4,24,0,1000,5,OK
/opt/SPMcode/A2/filelist.txt,4,24,0,1000,5,OK
/opt/SPMcode/A2/filelist.txt,4,24,1,1000,5,OK
/opt/SPMcode/A2/filelist.txt,4,24,1,1000,5,OK
/opt/SPMcode/A2/filelist.txt,4,24,1,1000,5,OK
/opt/SPMcode/A2/filelist.txt,4,24,1,1000,5,OK
/opt/SPMcode/A2/filelist.txt,4,24,1,1000,5,OK
/opt/SPMcode/A2/filelist.txt,4,24,1,1000,5,OK
/opt/SPMcode/A2/filelist.txt,4,24,1,1000,5,OK
/opt/SPMcode/A2/filelist.txt,4,24,1,1000,5,OK
/opt/SPMcode/A2/filelist.txt,4,24,1,1000,5,OK
/opt/SPMcode/A2/filelist.txt,4,24,1,1000,5,OK
/opt/SPMcode/A2/filelist.txt,4,24,0,10000,5,OK
/opt/SPMcode/A2/filelist.txt,4,24,0,10000,5,OK
/opt/SPMcode/A2/filelist.txt,4,24,0,10000,5,OK
/opt/SPMcode/A2/filelist.txt,4,24,0,10000,5,OK
/opt/SPMcode/A2/filelist.txt,4,24,0,10000,5,OK
/opt/SPMcode/A2/filelist.txt,4,24,0,10000,5,OK
/opt/SPMcode/A2/filelist.txt,4,24,0,10000,5,OK
/opt/SPMcode/A2/filelist.txt,4,24,0,10000,5,OK
/opt/SPMcode/A2/filelist.txt,4,24,0,10000,5,OK
/opt/SPMcode/A2/filelist.txt,4,24,0,10000,5,OK
/opt/SPMcode/A2/filelist.txt,4,24,1,10000,5,OK
/opt/SPMcode/A2/filelist.txt,4,24,1,10000,5,OK
/opt/SPMcode/A2/filelist.txt,4,24,1,10000,5,OK
/opt/SPMcode/A2/filelist.txt,4,24,1,10000,5,OK
/opt/SPMcode/A2/filelist.txt,4,24,1,10000,5,OK
/opt/SPMcode/A2/filelist.txt,4,24,1,10000,5,OK
/opt/SPMcode/A2/filelist.txt,4,24,1,10000,5,OK
/opt/SPMcode/A2/filelist.txt,4,24,1,10000,5,OK
/opt/SPMcode/A2/filelist.txt,4,24,1,10000,5,OK
/opt/SPMcode/A2/filelist.txt,4,24,1,10000,5,OK
/opt/SPMcode/A2/filelist.txt,4,32,0,0,5,OK
/opt/SPMcode/A2/filelist.txt,4,32,0,0,5,OK
/opt/SPMcode/A2/filelist.txt,4,32,0,0,5,OK
/opt/SPMcode/A2/filelist.txt,4,32,0,0,5,OK
/opt/SPMcode/A2/filelist.txt,4,32,0,0,5,OK
/opt/SPMcode/A2/filelist.txt,4,32,0,0,5,OK
/opt/SPMcode/A2/filelist.txt,4,32,0,0,5,OK
/opt/SPMcode/A2/filelist.txt,4,32,0,0,5,OK
/opt/SPMcode/A2/filelist.txt,4,32,0,0,5,OK
/opt/SPMcode/A2/filelist.txt,4,32,0,0,5,OK
/opt/SPMcode/A2/filelist.txt,4,32,1,0,5,OK
/opt/SPMcode/A2/filelist.txt,4,32,1,0,5,OK
/opt/SPMcode/A2/filelist.txt,4,32,1,0,5,OK
/opt/SPMcode/A2/filelist.txt,4,32,1,0,5,OK
/opt/SPMcode/A2/filelist.txt,4,32,1,0,5,OK
/opt/SPMcode/A2/filelist.txt,4,32,1,0,5,OK
/opt/SPMcode/A2/filelist.txt,4,32,1,0,5,OK
/opt/SPMcode/A2/filelist.txt,4,32,1,0,5,OK
/opt/SPMcode/A2/filelist.txt,4,32,1,0,5,OK
/opt/SPMcode/A2/filelist.txt,4,32,1,0,5,OK
/opt/SPMcode/A2/filelist.txt,4,32,0,1000,5,OK
/opt/SPMcode/A2/filelist.txt,4,32,0,1000,5,OK
/opt/SPMcode/A2/filelist.txt,4,32,0,1000,5,OK
/opt/SPMcode/A2/filelist.txt,4,32,0,1000,5,OK
/opt/SPMcode/A2/filelist.txt,4,32,0,1000,5,OK
/opt/SPMcode/A2/filelist.txt,4,32,0,1000,5,OK
/opt/SPMcode/A2/filelist.txt,4,32,0,1000,5,OK
/opt/SPMcode/A2/filelist.txt,4,32,0,1000,5,OK
/opt/SPMcode/A2/filelist.txt,4,32,0,1000,5,OK
/opt/SPMcode/A2/filelist.txt,4,32,0,1000,5,OK
/opt/SPMcode/A2/filelist.txt,4,32,1,1000,5,OK
/opt/SPMcode/A2/filelist.txt,4,32,1,1000,5,OK
/opt/SPMcode/A2/filelist.txt,4,32,1,1000,5,OK
/opt/SPMcode/A2/filelist.txt,4,32,1,1000,5,OK
/opt/SPMcode/A2/filelist.txt,4,32,1,1000,5,OK
/opt/SPMcode/A2/filelist.txt,4,32,1,1000,5,OK
/opt/SPMcode/A2/filelist.txt,4,32,1,1000,5,OK
/opt/SPMcode/A2/filelist.txt,4,32,1,1000,5,OK
/opt/SPMcode/A2/filelist.txt,4,32,1,1000,5,OK
/opt/SPMcode/A2/filelist.txt,4,32,1,1000,5,OK
/opt/SPMcode/A2/filelist.txt,4,32,0,10000,5,OK
/opt/SPMcode/A2/filelist.txt,4,32,0,10000,5,OK
/opt/SPMcode/A2/filelist.txt,4,32,0,10000,5,OK
/opt/SPMcode/A2/filelist.txt,4,32,0,10000,5,OK
/opt/SPMcode/A2/filelist.txt,4,32,0,10000,5,OK
/opt/SPMcode/A2/filelist.txt,4,32,0,10000,5,OK
/opt/SPMcode/A2/filelist.txt,4,32,0,10000,5,OK
/opt/SPMcode/A2/filelist.txt,4,32,0,10000,5,OK
/opt/SPMcode/A2/filelist.txt,4,32,0,10000,5,OK
/opt/SPMcode/A2/filelist.txt,4,32,0,10000,5,OK
/opt/SPMcode/A2/filelist.txt,4,32,1,10000,5,OK
/opt/SPMcode/A2/filelist.txt,4,32,1,10000,5,OK
/opt/SPMcode/A2/filelist.txt,4,32,1,10000,5,OK
/opt/SPMcode/A2/filelist.txt,4,32,1,10000,5,OK
/opt/SPMcode/A2/filelist.txt,4,32,1,10000,5,OK
/opt/SPMcode/A2/filelist.txt,4,32,1,10000,5,OK
/opt/SPMcode/A2/filelist.txt,4,32,1,10000,5,OK
/opt/SPMcode/A2/filelist.txt,4,32,1,10000,5,OK
/opt/SPMcode/A2/filelist.txt,4,32,1,10000,5,OK
/opt/SPMcode/A2/filelist.txt,4,32,1,10000,5,OK
/opt/SPMcode/A2/filelist.txt,4,40,0,0,5,OK
/opt/SPMcode/A2/filelist.txt,4,40,0,0,5,OK
/opt/SPMcode/A2/filelist.txt,4,40,0,0,5,OK
/opt/SPMcode/A2/filelist.txt,4,40,0,0,5,OK
/opt/SPMcode/A2/filelist.txt,4,40,0,0,5,OK
/opt/SPMcode/A2/filelist.txt,4,40,0,0,5,OK
/opt/SPMcode/A2/filelist.txt,4,40,0,0,5,OK
/opt/SPMcode/A2/filelist.txt,4,40,0,0,5,OK
/opt/SPMcode/A2/filelist.txt,4,40,0,0,5,OK
/opt/SPMcode/A2/filelist.txt,4,40,0,0,5,OK
/opt/SPMcode/A2/filelist.txt,4,40,1,0,5,OK
/opt/SPMcode/A2/filelist.txt,4,40,1,0,5,OK
/opt/SPMcode/A2/filelist.txt,4,40,1,0,5,OK
/opt/SPMcode/A2/filelist.txt,4,40,1,0,5,OK
/opt/SPMcode/A2/filelist.txt,4,40,1,0,5,OK
/opt/SPMcode/A2/filelist.txt,4,40,1,0,5,OK
/opt/SPMcode/A2/filelist.txt,4,40,1,0,5,OK
/opt/SPMcode/A2/filelist.txt,4,40,1,0,5,OK
/opt/SPMcode/A2/filelist.txt,4,40,1,0,5,OK
/opt/SPMcode/A2/filelist.txt,4,40,1,0,5,OK
/opt/SPMcode/A2/filelist.txt,4,40,0,1000,5,OK
/opt/SPMcode/A2/filelist.txt,4,40,0,1000,5,OK
/opt/SPMcode/A2/filelist.txt,4,40,0,1000,5,OK
/opt/SPMcode/A2/filelist.txt,4,40,0,1000,5,OK
/opt/SPMcode/A2/filelist.txt,4,40,0,1000,5,OK
/opt/SPMcode/A2/filelist.txt,4,40,0,1000,5,OK
/opt/SPMcode/A2/filelist.txt,4,40,0,1000,5,OK
/opt/SPMcode/A2/filelist.txt,4,40,0,1000,5,OK
/opt/SPMcode/A2/filelist.txt,4,40,0,1000,5,OK
/opt/SPMcode/A2/filelist.txt,4,40,0,1000,5,OK
/opt/SPMcode/A2/filelist.txt,4,40,1,1000,5,OK
/opt/SPMcode/A2/filelist.txt,4,40,1,1000,5,OK
/opt/SPMcode/A2/filelist.txt,4,40,1,1000,5,OK
/opt/SPMcode/A2/filelist.txt,4,40,1,1000,5,OK
/opt/SPMcode/A2/filelist.txt,4,40,1,1000,5,OK
/opt/SPMcode/A2/filelist.txt,4,40,1,1000,5,OK
/opt/SPMcode/A2/filelist.txt,4,40,1,1000,5,OK
/opt/SPMcode/A2/filelist.txt,4,40,1,1000,5,OK
/opt/SPMcode/A2/filelist.txt,4,40,1,1000,5,OK
/opt/SPMcode/A2/filelist.txt,4,40,1,1000,5,OK
/opt/SPMcode/A2/filelist.txt,4,40,0,10000,5,OK
/opt/SPMcode/A2/filelist.txt,4,40,0,10000,5,OK
/opt/SPMcode/A2/filelist.txt,4,40,0,10000,5,OK
/opt/SPMcode/A2/filelist.txt,4,40,0,10000,5,OK
/opt/SPMcode/A2/filelist.txt,4,40,0,10000,5,OK
/opt/SPMcode/A2/filelist.txt,4,40,0,10000,5,OK
/opt/SPMcode/A2/filelist.txt,4,40,0,10000,5,OK
/opt/SPMcode/A2/filelist.txt,4,40,0,10000,5,OK
/opt/SPMcode/A2/filelist.txt,4,40,0,10000,5,OK
/opt/SPMcode/A2/filelist.txt,4,40,0,10000,5,OK
/opt/SPMcode/A2/filelist.txt,4,40,1,10000,5,OK
/opt/SPMcode/A2/filelist.txt,4,40,1,10000,5,OK
/opt/SPMcode/A2/filelist.txt,4,40,1,10000,5,OK
/opt/SPMcode/A2/filelist.txt,4,40,1,10000,5,OK
/opt/SPMcode/A2/filelist.txt,4,40,1,10000,5,OK
/opt/SPMcode/A2/filelist.txt,4,40,1,10000,5,OK
/opt/SPMcode/A2/filelist.txt,4,40,1,10000,5,OK
/opt/SPMcode/A2/filelist.txt,4,40,1,10000,5,OK
/opt/SPMcode/A2/filelist.txt,4,40,1,10000,5,OK
/opt/SPMcode/A2/filelist.txt,4,40,1,10000,5,OK
/opt/SPMcode/A2/filelist.txt,4,48,0,0,5,OK
/opt/SPMcode/A2/filelist.txt,4,48,0,0,5,OK
/opt/SPMcode/A2/filelist.txt,4,48,0,0,5,OK
/opt/SPMcode/A2/filelist.txt,4,48,0,0,5,OK
/opt/SPMcode/A2/filelist.txt,4,48,0,0,5,OK
/opt/SPMcode/A2/filelist.txt,4,48,0,0,5,OK
/opt/SPMcode/A2/filelist.txt,4,48,0,0,5,OK
/opt/SPMcode/A2/filelist.txt,4,48,0,0,5,OK
/opt/SPMcode/A2/filelist.txt,4,48,0,0,5,OK
/opt/SPMcode/A2/filelist.txt,4,48,0,0,5,OK
/opt/SPMcode/A2/filelist.txt,4,48,1,0,5,OK
/opt/SPMcode/A2/filelist.txt,4,48,1,0,5,OK
/opt/SPMcode/A2/filelist.txt,4,48,1,0,5,OK
/opt/SPMcode/A2/filelist.txt,4,48,1,0,5,OK
/opt/SPMcode/A2/filelist.txt,4,48,1,0,5,OK
/opt/SPMcode/A2/filelist.txt,4,48,1,0,5,OK
/opt/SPMcode/A2/filelist.txt,4,48,1,0,5,OK
/opt/SPMcode/A2/filelist.txt,4,48,1,0,5,OK
/opt/SPMcode/A2/filelist.txt,4,48,1,0,5,OK
/opt/SPMcode/A2/filelist.txt,4,48,1,0,5,OK
/opt/SPMcode/A2/filelist.txt,4,48,0,1000,5,OK
/opt/SPMcode/A2/filelist.txt,4,48,0,1000,5,OK
/opt/SPMcode/A2/filelist.txt,4,48,0,1000,5,OK
/opt/SPMcode/A2/filelist.txt,4,48,0,1000,5,OK
/opt/SPMcode/A2/filelist.txt,4,48,0,1000,5,OK
/opt/SPMcode/A2/filelist.txt,4,48,0,1000,5,OK
/opt/SPMcode/A2/filelist.txt,4,48,0,1000,5,OK
/opt/SPMcode/A2/filelist.txt,4,48,0,1000,5,OK
/opt/SPMcode/A2/filelist.txt,4,48,0,1000,5,OK
/opt/SPMcode/A2/filelist.txt,4,48,0,1000,5,OK
/opt/SPMcode/A2/filelist.txt,4,48,1,1000,5,OK
/opt/SPMcode/A2/filelist.txt,4,48,1,1000,5,OK
/opt/SPMcode/A2/filelist.txt,4,48,1,1000,5,OK
/opt/SPMcode/A2/filelist.txt,4,48,1,1000,5,OK
/opt/SPMcode/A2/filelist.txt,4,48,1,1000,5,OK
/opt/SPMcode/A2/filelist.txt,4,48,1,1000,5,OK
/opt/SPMcode/A2/filelist.txt,4,48,1,1000,5,OK
/opt/SPMcode/A2/filelist.txt,4,48,1,1000,5,OK
/opt/SPMcode/A2/filelist.txt,4,48,1,1000,5,OK
/opt/SPMcode/A2/filelist.txt,4,48,1,1000,5,OK
/opt/SPMcode/A2/filelist.txt,4,48,0,10000,5,OK
/opt/SPMcode/A2/filelist.txt,4,48,0,10000,5,OK
/opt/SPMcode/A2/filelist.txt,4,48,0,10000,5,OK
/opt/SPMcode/A2/filelist.txt,4,48,0,10000,5,OK
/opt/SPMcode/A2/filelist.txt,4,48,0,10000,5,OK
/opt/SPMcode/A2/filelist.txt,4,48,0,10000,5,OK
/opt/SPMcode/A2/filelist.txt,4,48,0,10000,5,OK
/opt/SPMcode/A2/filelist.txt,4,48,0,10000,5,OK
/opt/SPMcode/A2/filelist.txt,4,48,0,10000,5,OK
/opt/SPMcode/A2/filelist.txt,4,48,0,10000,5,OK
/opt/SPMcode/A2/filelist.txt,4,48,1,10000,5,OK
/opt/SPMcode/A2/filelist.txt,4,48,1,10000,5,OK
/opt/SPMcode/A2/filelist.txt,4,48,1,10000,5,OK
/opt/SPMcode/A2/filelist.txt,4,48,1,10000,5,OK
/opt/SPMcode/A2/filelist.txt,4,48,1,10000,5,OK
/opt/SPMcode/A2/filelist.txt,4,48,1,10000,5,OK
/opt/SPMcode/A2/filelist.txt,4,48,1,10000,5,OK
/opt/SPMcode/A2/filelist.txt,4,48,1,10000,5,OK
/opt/SPMcode/A2/filelist.txt,4,48,1,10000,5,OK
/opt/SPMcode/A2/filelist.txt,4,48,1,10000,5,OK
/opt/SPMcode/A2/filelist.txt,4,56,0,0,5,OK
/opt/SPMcode/A2/filelist.txt,4,56,0,0,5,OK
/opt/SPMcode/A2/filelist.txt,4,56,0,0,5,OK
/opt/SPMcode/A2/filelist.txt,4,56,0,0,5,OK
/opt/SPMcode/A2/filelist.txt,4,56,0,0,5,OK
/opt/SPMcode/A2/filelist.txt,4,56,0,0,5,OK
/opt/SPMcode/A2/filelist.txt,4,56,0,0,5,OK
/opt/SPMcode/A2/filelist.txt,4,56,0,0,5,OK
/opt/SPMcode/A2/filelist.txt,4,56,0,0,5,OK
/opt/SPMcode/A2/filelist.txt,4,56,0,0,5,OK
/opt/SPMcode/A2/filelist.txt,4,56,1,0,5,OK
/opt/SPMcode/A2/filelist.txt,4,56,1,0,5,OK
/opt/SPMcode/A2/filelist.txt,4,56,1,0,5,OK
/opt/SPMcode/A2/filelist.txt,4,56,1,0,5,OK
/opt/SPMcode/A2/filelist.txt,4,56,1,0,5,OK
/opt/SPMcode/A2/filelist.txt,4,56,1,0,5,OK
/opt/SPMcode/A2/filelist.txt,4,56,1,0,5,OK
/opt/SPMcode/A2/filelist.txt,4,56,1,0,5,OK
/opt/SPMcode/A2/filelist.txt,4,56,1,0,5,OK
/opt/SPMcode/A2/filelist.txt,4,56,1,0,5,OK
/opt/SPMcode/A2/filelist.txt,4,56,0,1000,5,OK
/opt/SPMcode/A2/filelist.txt,4,56,0,1000,5,OK
/opt/SPMcode/A2/filelist.txt,4,56,0,1000,5,OK
/opt/SPMcode/A2/filelist.txt,4,56,0,1000,5,OK
/opt/SPMcode/A2/filelist.txt,4,56,0,1000,5,OK
/opt/SPMcode/A2/filelist.txt,4,56,0,1000,5,OK
/opt/SPMcode/A2/filelist.txt,4,56,0,1000,5,OK
/opt/SPMcode/A2/filelist.txt,4,56,0,1000,5,OK
/opt/SPMcode/A2/filelist.txt,4,56,0,1000,5,OK
/opt/SPMcode/A2/filelist.txt,4,56,0,1000,5,OK
/opt/SPMcode/A2/filelist.txt,4,56,1,1000,5,OK
/opt/SPMcode/A2/filelist.txt,4,56,1,1000,5,OK
/opt/SPMcode/A2/filelist.txt,4,56,1,1000,5,OK
/opt/SPMcode/A2/filelist.txt,4,56,1,1000,5,OK
/opt/SPMcode/A2/filelist.txt,4,56,1,1000,5,OK
/opt/SPMcode/A2/filelist.txt,4,56,1,1000,5,OK
/opt/SPMcode/A2/filelist.txt,4,56,1,1000,5,OK
/opt/SPMcode/A2/filelist.txt,4,56,1,1000,5,OK
/opt/SPMcode/A2/filelist.txt,4,56,1,1000,5,OK
/opt/SPMcode/A2/filelist.txt,4,56,1,1000,5,OK
/opt/SPMcode/A2/filelist.txt,4,56,0,10000,5,OK
/opt/SPMcode/A2/filelist.txt,4,56,0,10000,5,OK
/opt/SPMcode/A2/filelist.txt,4,56,0,10000,5,OK
/opt/SPMcode/A2/filelist.txt,4,56,0,10000,5,OK
/opt/SPMcode/A2/filelist.txt,4,56,0,10000,5,OK
/opt/SPMcode/A2/filelist.txt,4,56,0,10000,5,OK
/opt/SPMcode/A2/filelist.txt,4,56,0,10000,5,OK
/opt/SPMcode/A2/filelist.txt,4,56,0,10000,5,OK
/opt/SPMcode/A2/filelist.txt,4,56,0,10000,5,OK
/opt/SPMcode/A2/filelist.txt,4,56,0,10000,5,OK
/opt/SPMcode/A2/filelist.txt,4,56,1,10000,5,OK
/opt/SPMcode/A2/filelist.txt,4,56,1,10000,5,OK
/opt/SPMcode/A2/filelist.txt,4,56,1,10000,5,OK
/opt/SPMcode/A2/filelist.txt,4,56,1,10000,5,OK
/opt/SPMcode/A2/filelist.txt,4,56,1,10000,5,OK
/opt/SPMcode/A2/filelist.txt,4,56,1,10000,5,OK
/opt/SPMcode/A2/filelist.txt,4,56,1,10000,5,OK
/opt/SPMcode/A2/filelist.txt,4,56,1,10000,5,OK
/opt/SPMcode/A2/filelist.txt,4,56,1,10000,5,OK
/opt/SPMcode/A2/filelist.txt,4,56,1,10000,5,OK
/opt/SPMcode/A2/filelist.txt,14,14,0,0,5,OK
/opt/SPMcode/A2/filelist.txt,14,14,0,0,5,OK
/opt/SPMcode/A2/filelist.txt,14,14,0,0,5,OK
/opt/SPMcode/A2/filelist.txt,14,14,0,0,5,OK
/opt/SPMcode/A2/filelist.txt,14,14,0,0,5,OK
/opt/SPMcode/A2/filelist.txt,14,14,0,0,5,OK
/opt/SPMcode/A2/filelist.txt,14,14,0,0,5,OK
/opt/SPMcode/A2/filelist.txt,14,14,0,0,5,OK
/opt/SPMcode/A2/filelist.txt,14,14,0,0,5,OK
/opt/SPMcode/A2/filelist.txt,14,14,0,0,5,OK
/opt/SPMcode/A2/filelist.txt,14,14,1,0,5,OK
/opt/SPMcode/A2/filelist.txt,14,14,1,0,5,OK
/opt/SPMcode/A2/filelist.txt,14,14,1,0,5,OK
/opt/SPMcode/A2/filelist.txt,14,14,1,0,5,OK
/opt/SPMcode/A2/filelist.txt,14,14,1,0,5,OK
/opt/SPMcode/A2/filelist.txt,14,14,1,0,5,OK
/opt/SPMcode/A2/filelist.txt,14,14,1,0,5,OK
/opt/SPMcode/A2/filelist.txt,14,14,1,0,5,OK
/opt/SPMcode/A2/filelist.txt,14,14,1,0,5,OK
/opt/SPMcode/A2/filelist.txt,14,14,1,0,5,OK
/opt/SPMcode/A2/filelist.txt,14,14,0,1000,5,OK
/opt/SPMcode/A2/filelist.txt,14,14,0,1000,5,OK
/opt/SPMcode/A2/filelist.txt,14,14,0,1000,5,OK
/opt/SPMcode/A2/filelist.txt,14,14,0,1000,5,OK
/opt/SPMcode/A2/filelist.txt,14,14,0,1000,5,OK
/opt/SPMcode/A2/filelist.txt,14,14,0,1000,5,OK
/opt/SPMcode/A2/filelist.txt,14,14,0,1000,5,OK
/opt/SPMcode/A2/filelist.txt,14,14,0,1000,5,OK
/opt/SPMcode/A2/filelist.txt,14,14,0,1000,5,OK
/opt/SPMcode/A2/filelist.txt,14,14,0,1000,5,OK
/opt/SPMcode/A2/filelist.txt,14,14,1,1000,5,OK
/opt/SPMcode/A2/filelist.txt,14,14,1,1000,5,OK
/opt/SPMcode/A2/filelist.txt,14,14,1,1000,5,OK
/opt/SPMcode/A2/filelist.txt,14,14,1,1000,5,OK
/opt/SPMcode/A2/filelist.txt,14,14,1,1000,5,OK
/opt/SPMcode/A2/filelist.txt,14,14,1,1000,5,OK
/opt/SPMcode/A2/filelist.txt,14,14,1,1000,5,OK
/opt/SPMcode/A2/filelist.txt,14,14,1,1000,5,OK
/opt/SPMcode/A2/filelist.txt,14,14,1,1000,5,OK
/opt/SPMcode/A2/filelist.txt,14,14,1,1000,5,OK
/opt/SPMcode/A2/filelist.txt,14,14,0,10000,5,OK
/opt/SPMcode/A2/filelist.txt,14,14,0,10000,5,OK
/opt/SPMcode/A2/filelist.txt,14,14,0,10000,5,OK
/opt/SPMcode/A2/filelist.txt,14,14,0,10000,5,OK
/opt/SPMcode/A2/filelist.txt,14,14,0,10000,5,OK
/opt/SPMcode/A2/filelist.txt,14,14,0,10000,5,OK
/opt/SPMcode/A2/filelist.txt,14,14,0,10000,5,OK
/opt/SPMcode/A2/filelist.txt,14,14,0,10000,5,OK
/opt/SPMcode/A2/filelist.txt,14,14,0,10000,5,OK
/opt/SPMcode/A2/filelist.txt,14,14,0,10000,5,OK
/opt/SPMcode/A2/filelist.txt,14,14,1,10000,5,OK
/opt/SPMcode/A2/filelist.txt,14,14,1,10000,5,OK
/opt/SPMcode/A2/filelist.txt,14,14,1,10000,5,OK
/opt/SPMcode/A2/filelist.txt,14,14,1,10000,5,OK
/opt/SPMcode/A2/filelist.txt,14,14,1,10000,5,OK
/opt/SPMcode/A2/filelist.txt,14,14,1,10000,5,OK
/opt/SPMcode/A2/filelist.txt,14,14,1,10000,5,OK
/opt/SPMcode/A2/filelist.txt,14,14,1,10000,5,OK
/opt/SPMcode/A2/filelist.txt,14,14,1,10000,5,OK
/opt/SPMcode/A2/filelist.txt,14,14,1,10000,5,OK
/opt/SPMcode/A2/filelist.txt,14,22,0,0,5,OK
/opt/SPMcode/A2/filelist.txt,14,22,0,0,5,OK
/opt/SPMcode/A2/filelist.txt,14,22,0,0,5,OK
/opt/SPMcode/A2/filelist.txt,14,22,0,0,5,OK
/opt/SPMcode/A2/filelist.txt,14,22,0,0,5,OK
/opt/SPMcode/A2/filelist.txt,14,22,0,0,5,OK
/opt/SPMcode/A2/filelist.txt,14,22,0,0,5,OK
/opt/SPMcode/A2/filelist.txt,14,22,0,0,5,OK
/opt/SPMcode/A2/filelist.txt,14,22,0,0,5,OK
/opt/SPMcode/A2/filelist.txt,14,22,0,0,5,OK
/opt/SPMcode/A2/filelist.txt,14,22,1,0,5,OK
/opt/SPMcode/A2/filelist.txt,14,22,1,0,5,OK
/opt/SPMcode/A2/filelist.txt,14,22,1,0,5,OK
/opt/SPMcode/A2/filelist.txt,14,22,1,0,5,OK
/opt/SPMcode/A2/filelist.txt,14,22,1,0,5,OK
/opt/SPMcode/A2/filelist.txt,14,22,1,0,5,OK
/opt/SPMcode/A2/filelist.txt,14,22,1,0,5,OK
/opt/SPMcode/A2/filelist.txt,14,22,1,0,5,OK
/opt/SPMcode/A2/filelist.txt,14,22,1,0,5,OK
/opt/SPMcode/A2/filelist.txt,14,22,1,0,5,OK
/opt/SPMcode/A2/filelist.txt,14,22,0,1000,5,OK
/opt/SPMcode/A2/filelist.txt,14,22,0,1000,5,OK
/opt/SPMcode/A2/filelist.txt,14,22,0,1000,5,OK
/opt/SPMcode/A2/filelist.txt,14,22,0,1000,5,OK
/opt/SPMcode/A2/filelist.txt,14,22,0,1000,5,OK
/opt/SPMcode/A2/filelist.txt,14,22,0,1000,5,OK
/opt/SPMcode/A2/filelist.txt,14,22,0,1000,5,OK
/opt/SPMcode/A2/filelist.txt,14,22,0,1000,5,OK
/opt/SPMcode/A2/filelist.txt,14,22,0,1000,5,OK
/opt/SPMcode/A2/filelist.txt,14,22,0,1000,5,OK
/opt/SPMcode/A2/filelist.txt,14,22,1,1000,5,OK
/opt/SPMcode/A2/filelist.txt,14,22,1,1000,5,OK
/opt/SPMcode/A2/filelist.txt,14,22,1,1000,5,OK
/opt/SPMcode/A2/filelist.txt,14,22,1,1000,5,OK
/opt/SPMcode/A2/filelist.txt,14,22,1,1000,5,OK
/opt/SPMcode/A2/filelist.txt,14,22,1,1000,5,OK
/opt/SPMcode/A2/filelist.txt,14,22,1,1000,5,OK
/opt/SPMcode/A2/filelist.txt,14,22,1,1000,5,OK
/opt/SPMcode/A2/filelist.txt,14,22,1,1000,5,OK
/opt/SPMcode/A2/filelist.txt,14,22,1,1000,5,OK
/opt/SPMcode/A2/filelist.txt,14,22,0,10000,5,OK
/opt/SPMcode/A2/filelist.txt,14,22,0,10000,5,OK
/opt/SPMcode/A2/filelist.txt,14,22,0,10000,5,OK
/opt/SPMcode/A2/filelist.txt,14,22,0,10000,5,OK
/opt/SPMcode/A2/filelist.txt,14,22,0,10000,5,OK
/opt/SPMcode/A2/filelist.txt,14,22,0,10000,5,OK
/opt/SPMcode/A2/filelist.txt,14,22,0,10000,5,OK
/opt/SPMcode/A2/filelist.txt,14,22,0,10000,5,OK
/opt/SPMcode/A2/filelist.txt,14,22,0,10000,5,OK
/opt/SPMcode/A2/filelist.txt,14,22,0,10000,5,OK
/opt/SPMcode/A2/filelist.txt,14,22,1,10000,5,OK
/opt/SPMcode/A2/filelist.txt,14,22,1,10000,5,OK
/opt/SPMcode/A2/filelist.txt,14,22,1,10000,5,OK
/opt/SPMcode/A2/filelist.txt,14,22,1,10000,5,OK
/opt/SPMcode/A2/filelist.txt,14,22,1,10000,5,OK
/opt/SPMcode/A2/filelist.txt,14,22,1,10000,5,OK
/opt/SPMcode/A2/filelist.txt,14,22,1,10000,5,OK
/opt/SPMcode/A2/filelist.txt,14,22,1,10000,5,OK
/opt/SPMcode/A2/filelist.txt,14,22,1,10000,5,OK
/opt/SPMcode/A2/filelist.txt,14,22,1,10000,5,OK
/opt/SPMcode/A2/filelist.txt,14,30,0,0,5,OK
/opt/SPMcode/A2/filelist.txt,14,30,0,0,5,OK
/opt/SPMcode/A2/filelist.txt,14,30,0,0,5,OK
/opt/SPMcode/A2/filelist.txt,14,30,0,0,5,OK
/opt/SPMcode/A2/filelist.txt,14,30,0,0,5,OK
/opt/SPMcode/A2/filelist.txt,14,30,0,0,5,OK
/opt/SPMcode/A2/filelist.txt,14,30,0,0,5,OK
/opt/SPMcode/A2/filelist.txt,14,30,0,0,5,OK
/opt/SPMcode/A2/filelist.txt,14,30,0,0,5,OK
/opt/SPMcode/A2/filelist.txt,14,30,0,0,5,OK
/opt/SPMcode/A2/filelist.txt,14,30,1,0,5,OK
/opt/SPMcode/A2/filelist.txt,14,30,1,0,5,OK
/opt/SPMcode/A2/filelist.txt,14,30,1,0,5,OK
/opt/SPMcode/A2/filelist.txt,14,30,1,0,5,OK
/opt/SPMcode/A2/filelist.txt,14,30,1,0,5,OK
/opt/SPMcode/A2/filelist.txt,14,30,1,0,5,OK
/opt/SPMcode/A2/filelist.txt,14,30,1,0,5,OK
/opt/SPMcode/A2/filelist.txt,14,30,1,0,5,OK
/opt/SPMcode/A2/filelist.txt,14,30,1,0,5,OK
/opt/SPMcode/A2/filelist.txt,14,30,1,0,5,OK
/opt/SPMcode/A2/filelist.txt,14,30,0,1000,5,OK
/opt/SPMcode/A2/filelist.txt,14,30,0,1000,5,OK
/opt/SPMcode/A2/filelist.txt,14,30,0,1000,5,OK
/opt/SPMcode/A2/filelist.txt,14,30,0,1000,5,OK
/opt/SPMcode/A2/filelist.txt,14,30,0,1000,5,OK
/opt/SPMcode/A2/filelist.txt,14,30,0,1000,5,OK
/opt/SPMcode/A2/filelist.txt,14,30,0,1000,5,OK
/opt/SPMcode/A2/filelist.txt,14,30,0,1000,5,OK
/opt/SPMcode/A2/filelist.txt,14,30,0,1000,5,OK
/opt/SPMcode/A2/filelist.txt,14,30,0,1000,5,OK
/opt/SPMcode/A2/filelist.txt,14,30,1,1000,5,OK
/opt/SPMcode/A2/filelist.txt,14,30,1,1000,5,OK
/opt/SPMcode/A2/filelist.txt,14,30,1,1000,5,OK
/opt/SPMcode/A2/filelist.txt,14,30,1,1000,5,OK
/opt/SPMcode/A2/filelist.txt,14,30,1,1000,5,OK
/opt/SPMcode/A2/filelist.txt,14,30,1,1000,5,OK
/opt/SPMcode/A2/filelist.txt,14,30,1,1000,5,OK
/opt/SPMcode/A2/filelist.txt,14,30,1,1000,5,OK
/opt/SPMcode/A2/filelist.txt,14,30,1,1000,5,OK
/opt/SPMcode/A2/filelist.txt,14,30,1,1000,5,OK
/opt/SPMcode/A2/filelist.txt,14,30,0,10000,5,OK
/opt/SPMcode/A2/filelist.txt,14,30,0,10000,5,OK
/opt/SPMcode/A2/filelist.txt,14,30,0,10000,5,OK
/opt/SPMcode/A2/filelist.txt,14,30,0,10000,5,OK
/opt/SPMcode/A2/filelist.txt,14,30,0,10000,5,OK
/opt/SPMcode/A2/filelist.txt,14,30,0,10000,5,OK
/opt/SPMcode/A2/filelist.txt,14,30,0,10000,5,OK
/opt/SPMcode/A2/filelist.txt,14,30,0,10000,5,OK
/opt/SPMcode/A2/filelist.txt,14,30,0,10000,5,OK
/opt/SPMcode/A2/filelist.txt,14,30,0,10000,5,OK
/opt/SPMcode/A2/filelist.txt,14,30,1,10000,5,OK
/opt/SPMcode/A2/filelist.txt,14,30,1,10000,5,OK
/opt/SPMcode/A2/filelist.txt,14,30,1,10000,5,OK
/opt/SPMcode/A2/filelist.txt,14,30,1,10000,5,OK
/opt/SPMcode/A2/filelist.txt,14,30,1,10000,5,OK
/opt/SPMcode/A2/filelist.txt,14,30,1,10000,5,OK
/opt/SPMcode/A2/filelist.txt,14,30,1,10000,5,OK
/opt/SPMcode/A2/filelist.txt,14,30,1,10000,5,OK
/opt/SPMcode/A2/filelist.txt,14,30,1,10000,5,OK
/opt/SPMcode/A2/filelist.txt,14,30,1,10000,5,OK
/opt/SPMcode/A2/filelist.txt,14,38,0,0,5,OK
/opt/SPMcode/A2/filelist.txt,14,38,0,0,5,OK
/opt/SPMcode/A2/filelist.txt,14,38,0,0,5,OK
/opt/SPMcode/A2/filelist.txt,14,38,0,0,5,OK
/opt/SPMcode/A2/filelist.txt,14,38,0,0,5,OK
/opt/SPMcode/A2/filelist.txt,14,38,0,0,5,OK
/opt/SPMcode/A2/filelist.txt,14,38,0,0,5,OK
/opt/SPMcode/A2/filelist.txt,14,38,0,0,5,OK
/opt/SPMcode/A2/filelist.txt,14,38,0,0,5,OK
/opt/SPMcode/A2/filelist.txt,14,38,0,0,5,OK
/opt/SPMcode/A2/filelist.txt,14,38,1,0,5,OK
/opt/SPMcode/A2/filelist.txt,14,38,1,0,5,OK
/opt/SPMcode/A2/filelist.txt,14,38,1,0,5,OK
/opt/SPMcode/A2/filelist.txt,14,38,1,0,5,OK
/opt/SPMcode/A2/filelist.txt,14,38,1,0,5,OK
/opt/SPMcode/A2/filelist.txt,14,38,1,0,5,OK
/opt/SPMcode/A2/filelist.txt,14,38,1,0,5,OK
/opt/SPMcode/A2/filelist.txt,14,38,1,0,5,OK
/opt/SPMcode/A2/filelist.txt,14,38,1,0,5,OK
/opt/SPMcode/A2/filelist.txt,14,38,1,0,5,OK
/opt/SPMcode/A2/filelist.txt,14,38,0,1000,5,OK
/opt/SPMcode/A2/filelist.txt,14,38,0,1000,5,OK
/opt/SPMcode/A2/filelist.txt,14,38,0,1000,5,OK
/opt/SPMcode/A2/filelist.txt,14,38,0,1000,5,OK
/opt/SPMcode/A2/filelist.txt,14,38,0,1000,5,OK
/opt/SPMcode/A2/filelist.txt,14,38,0,1000,5,OK
/opt/SPMcode/A2/filelist.txt,14,38,0,1000,5,OK
/opt/SPMcode/A2/filelist.txt,14,38,0,1000,5,OK
/opt/SPMcode/A2/filelist.txt,14,38,0,1000,5,OK
/opt/SPMcode/A2/filelist.txt,14,38,0,1000,5,OK
/opt/SPMcode/A2/filelist.txt,14,38,1,1000,5,OK
/opt/SPMcode/A2/filelist.txt,14,38,1,1000,5,OK
/opt/SPMcode/A2/filelist.txt,14,38,1,1000,5,OK
/opt/SPMcode/A2/filelist.txt,14,38,1,1000,5,OK
/opt/SPMcode/A2/filelist.txt,14,38,1,1000,5,OK
/opt/SPMcode/A2/filelist.txt,14,38,1,1000,5,OK
/opt/SPMcode/A2/filelist.txt,14,38,1,1000,5,OK
/opt/SPMcode/A2/filelist.txt,14,38,1,1000,5,OK
/opt/SPMcode/A2/filelist.txt,14,38,1,1000,5,OK
/opt/SPMcode/A2/filelist.txt,14,38,1,1000,5,OK
/opt/SPMcode/A2/filelist.txt,14,38,0,10000,5,OK
/opt/SPMcode/A2/filelist.txt,14,38,0,10000,5,OK
/opt/SPMcode/A2/filelist.txt,14,38,0,10000,5,OK
/opt/SPMcode/A2/filelist.txt,14,38,0,10000,5,OK
/opt/SPMcode/A2/filelist.txt,14,38,0,10000,5,OK
/opt/SPMcode/A2/filelist.txt,14,38,0,10000,5,OK
/opt/SPMcode/A2/filelist.txt,14,38,0,10000,5,OK
/opt/SPMcode/A2/filelist.txt,14,38,0,10000,5,OK
/opt/SPMcode/A2/filelist.txt,14,38,0,10000,5,OK
/opt/SPMcode/A2/filelist.txt,14,38,0,10000,5,OK
/opt/SPMcode/A2/filelist.txt,14,38,1,10000,5,OK
/opt/SPMcode/A2/filelist.txt,14,38,1,10000,5,OK
/opt/SPMcode/A2/filelist.txt,14,38,1,10000,5,OK
/opt/SPMcode/A2/filelist.txt,14,38,1,10000,5,OK
/opt/SPMcode/A2/filelist.txt,14,38,1,10000,5,OK
/opt/SPMcode/A2/filelist.txt,14,38,1,10000,5,OK
/opt/SPMcode/A2/filelist.txt,14,38,1,10000,5,OK
/opt/SPMcode/A2/filelist.txt,14,38,1,10000,5,OK
/opt/SPMcode/A2/filelist.txt,14,38,1,10000,5,OK
/opt/SPMcode/A2/filelist.txt,14,38,1,10000,5,OK
/opt/SPMcode/A2/filelist.txt,14,46,0,0,5,OK
/opt/SPMcode/A2/filelist.txt,14,46,0,0,5,OK
/opt/SPMcode/A2/filelist.txt,14,46,0,0,5,OK
/opt/SPMcode/A2/filelist.txt,14,46,0,0,5,OK
/opt/SPMcode/A2/filelist.txt,14,46,0,0,5,OK
/opt/SPMcode/A2/filelist.txt,14,46,0,0,5,OK
/opt/SPMcode/A2/filelist.txt,14,46,0,0,5,OK
/opt/SPMcode/A2/filelist.txt,14,46,0,0,5,OK
/opt/SPMcode/A2/filelist.txt,14,46,0,0,5,OK
/opt/SPMcode/A2/filelist.txt,14,46,0,0,5,OK
/opt/SPMcode/A2/filelist.txt,14,46,1,0,5,OK
/opt/SPMcode/A2/filelist.txt,14,46,1,0,5,OK
/opt/SPMcode/A2/filelist.txt,14,46,1,0,5,OK
/opt/SPMcode/A2/filelist.txt,14,46,1,0,5,OK
/opt/SPMcode/A2/filelist.txt,14,46,1,0,5,OK
/opt/SPMcode/A2/filelist.txt,14,46,1,0,5,OK
/opt/SPMcode/A2/filelist.txt,14,46,1,0,5,OK
/opt/SPMcode/A2/filelist.txt,14,46,1,0,5,OK
/opt/SPMcode/A2/filelist.txt,14,46,1,0,5,OK
/opt/SPMcode/A2/filelist.txt,14,46,1,0,5,OK
/opt/SPMcode/A2/filelist.txt,14,46,0,1000,5,OK
/opt/SPMcode/A2/filelist.txt,14,46,0,1000,5,OK
/opt/SPMcode/A2/filelist.txt,14,46,0,1000,5,OK
/opt/SPMcode/A2/filelist.txt,14,46,0,1000,5,OK
/opt/SPMcode/A2/filelist.txt,14,46,0,1000,5,OK
/opt/SPMcode/A2/filelist.txt,14,46,0,1000,5,OK
/opt/SPMcode/A2/filelist.txt,14,46,0,1000,5,OK
/opt/SPMcode/A2/filelist.txt,14,46,0,1000,5,OK
/opt/SPMcode/A2/filelist.txt,14,46,0,1000,5,OK
/opt/SPMcode/A2/filelist.txt,14,46,0,1000,5,OK
/opt/SPMcode/A2/filelist.txt,14,46,1,1000,5,OK
/opt/SPMcode/A2/filelist.txt,14,46,1,1000,5,OK
/opt/SPMcode/A2/filelist.txt,14,46,1,1000,5,OK
/opt/SPMcode/A2/filelist.txt,14,46,1,1000,5,OK
/opt/SPMcode/A2/filelist.txt,14,46,1,1000,5,OK
/opt/SPMcode/A2/filelist.txt,14,46,1,1000,5,OK
/opt/SPMcode/A2/filelist.txt,14,46,1,1000,5,OK
/opt/SPMcode/A2/filelist.txt,14,46,1,1000,5,OK
/opt/SPMcode/A2/filelist.txt,14,46,1,1000,5,OK
/opt/SPMcode/A2/filelist.txt,14,46,1,1000,5,OK
/opt/SPMcode/A2/filelist.txt,14,46,0,10000,5,OK
/opt/SPMcode/A2/filelist.txt,14,46,0,10000,5,OK
/opt/SPMcode/A2/filelist.txt,14,46,0,10000,5,OK
/opt/SPMcode/A2/filelist.txt,14,46,0,10000,5,OK
/opt/SPMcode/A2/filelist.txt,14,46,0,10000,5,OK
/opt/SPMcode/A2/filelist.txt,14,46,0,10000,5,OK
/opt/SPMcode/A2/filelist.txt,14,46,0,10000,5,OK
/opt/SPMcode/A2/filelist.txt,14,46,0,10000,5,OK
/opt/SPMcode/A2/filelist.txt,14,46,0,10000,5,OK
/opt/SPMcode/A2/filelist.txt,14,46,0,10000,5,OK
/opt/SPMcode/A2/filelist.txt,14,46,1,10000,5,OK
/opt/SPMcode/A2/filelist.txt,14,46,1,10000,5,OK
/opt/SPMcode/A2/filelist.txt,14,46,1,10000,5,OK
/opt/SPMcode/A2/filelist.txt,14,46,1,10000,5,OK
/opt/SPMcode/A2/filelist.txt,14,46,1,10000,5,OK
/opt/SPMcode/A2/filelist.txt,14,46,1,10000,5,OK
/opt/SPMcode/A2/filelist.txt,14,46,1,10000,5,OK
/opt/SPMcode/A2/filelist.txt,14,46,1,10000,5,OK
/opt/SPMcode/A2/filelist.txt,14,46,1,10000,5,OK
/opt/SPMcode/A2/filelist.txt,14,46,1,10000,5,OK
